// Created by http://oleddisplay.squix.ch/ Consider a donation
// In case of problems make sure that you are using the font file with the correct version!
const uint8_t Dialog_bold_32[] PROGMEM = {
  0x23, // Width: 35
  0x26, // Height: 38
  0x20, // First Char: 32
  0xE0, // Numbers of Chars: 224

  // Jump Table:
  0xFF, 0xFF, 0x00, 0x0B,  // 32:65535
  0x00, 0x00, 0x31, 0x0F,  // 33:0
  0x00, 0x31, 0x43, 0x11,  // 34:49
  0x00, 0x74, 0x76, 0x1B,  // 35:116
  0x00, 0xEA, 0x63, 0x16,  // 36:234
  0x01, 0x4D, 0x9A, 0x20,  // 37:333
  0x01, 0xE7, 0x86, 0x1C,  // 38:487
  0x02, 0x6D, 0x20, 0x0A,  // 39:621
  0x02, 0x8D, 0x3C, 0x0F,  // 40:653
  0x02, 0xC9, 0x3B, 0x0F,  // 41:713
  0x03, 0x04, 0x4E, 0x11,  // 42:772
  0x03, 0x52, 0x76, 0x1B,  // 43:850
  0x03, 0xC8, 0x2C, 0x0C,  // 44:968
  0x03, 0xF4, 0x3A, 0x0D,  // 45:1012
  0x04, 0x2E, 0x2C, 0x0C,  // 46:1070
  0x04, 0x5A, 0x39, 0x0C,  // 47:1114
  0x04, 0x93, 0x67, 0x16,  // 48:1171
  0x04, 0xFA, 0x63, 0x16,  // 49:1274
  0x05, 0x5D, 0x63, 0x16,  // 50:1373
  0x05, 0xC0, 0x63, 0x16,  // 51:1472
  0x06, 0x23, 0x68, 0x16,  // 52:1571
  0x06, 0x8B, 0x63, 0x16,  // 53:1675
  0x06, 0xEE, 0x68, 0x16,  // 54:1774
  0x07, 0x56, 0x61, 0x16,  // 55:1878
  0x07, 0xB7, 0x63, 0x16,  // 56:1975
  0x08, 0x1A, 0x67, 0x16,  // 57:2074
  0x08, 0x81, 0x31, 0x0D,  // 58:2177
  0x08, 0xB2, 0x31, 0x0D,  // 59:2226
  0x08, 0xE3, 0x72, 0x1B,  // 60:2275
  0x09, 0x55, 0x72, 0x1B,  // 61:2389
  0x09, 0xC7, 0x71, 0x1B,  // 62:2503
  0x0A, 0x38, 0x4D, 0x13,  // 63:2616
  0x0A, 0x85, 0x94, 0x20,  // 64:2693
  0x0B, 0x19, 0x77, 0x19,  // 65:2841
  0x0B, 0x90, 0x6D, 0x18,  // 66:2960
  0x0B, 0xFD, 0x6D, 0x17,  // 67:3069
  0x0C, 0x6A, 0x7B, 0x1B,  // 68:3178
  0x0C, 0xE5, 0x63, 0x16,  // 69:3301
  0x0D, 0x48, 0x5C, 0x16,  // 70:3400
  0x0D, 0xA4, 0x77, 0x1A,  // 71:3492
  0x0E, 0x1B, 0x77, 0x1B,  // 72:3611
  0x0E, 0x92, 0x2C, 0x0C,  // 73:3730
  0x0E, 0xBE, 0x2C, 0x0C,  // 74:3774
  0x0E, 0xEA, 0x7C, 0x19,  // 75:3818
  0x0F, 0x66, 0x63, 0x14,  // 76:3942
  0x0F, 0xC9, 0x90, 0x20,  // 77:4041
  0x10, 0x59, 0x77, 0x1B,  // 78:4185
  0x10, 0xD0, 0x80, 0x1B,  // 79:4304
  0x11, 0x50, 0x6C, 0x17,  // 80:4432
  0x11, 0xBC, 0x80, 0x1B,  // 81:4540
  0x12, 0x3C, 0x77, 0x19,  // 82:4668
  0x12, 0xB3, 0x63, 0x17,  // 83:4787
  0x13, 0x16, 0x6B, 0x16,  // 84:4886
  0x13, 0x81, 0x71, 0x1A,  // 85:4993
  0x13, 0xF2, 0x74, 0x19,  // 86:5106
  0x14, 0x66, 0xA7, 0x23,  // 87:5222
  0x15, 0x0D, 0x77, 0x19,  // 88:5389
  0x15, 0x84, 0x70, 0x17,  // 89:5508
  0x15, 0xF4, 0x68, 0x17,  // 90:5620
  0x16, 0x5C, 0x3C, 0x0F,  // 91:5724
  0x16, 0x98, 0x3C, 0x0C,  // 92:5784
  0x16, 0xD4, 0x3C, 0x0F,  // 93:5844
  0x17, 0x10, 0x70, 0x1B,  // 94:5904
  0x17, 0x80, 0x50, 0x10,  // 95:6016
  0x17, 0xD0, 0x2F, 0x10,  // 96:6096
  0x17, 0xFF, 0x5E, 0x16,  // 97:6143
  0x18, 0x5D, 0x6D, 0x17,  // 98:6237
  0x18, 0xCA, 0x4F, 0x13,  // 99:6346
  0x19, 0x19, 0x63, 0x17,  // 100:6425
  0x19, 0x7C, 0x62, 0x16,  // 101:6524
  0x19, 0xDE, 0x43, 0x0E,  // 102:6622
  0x1A, 0x21, 0x63, 0x17,  // 103:6689
  0x1A, 0x84, 0x68, 0x17,  // 104:6788
  0x1A, 0xEC, 0x2C, 0x0B,  // 105:6892
  0x1B, 0x18, 0x2D, 0x0B,  // 106:6936
  0x1B, 0x45, 0x68, 0x15,  // 107:6981
  0x1B, 0xAD, 0x2C, 0x0B,  // 108:7085
  0x1B, 0xD9, 0x9A, 0x21,  // 109:7129
  0x1C, 0x73, 0x68, 0x17,  // 110:7283
  0x1C, 0xDB, 0x62, 0x16,  // 111:7387
  0x1D, 0x3D, 0x6D, 0x17,  // 112:7485
  0x1D, 0xAA, 0x64, 0x17,  // 113:7594
  0x1E, 0x0E, 0x4E, 0x10,  // 114:7694
  0x1E, 0x5C, 0x59, 0x13,  // 115:7772
  0x1E, 0xB5, 0x48, 0x0F,  // 116:7861
  0x1E, 0xFD, 0x68, 0x17,  // 117:7933
  0x1F, 0x65, 0x61, 0x15,  // 118:8037
  0x1F, 0xC6, 0x89, 0x1E,  // 119:8134
  0x20, 0x4F, 0x63, 0x15,  // 120:8271
  0x20, 0xB2, 0x61, 0x15,  // 121:8370
  0x21, 0x13, 0x54, 0x13,  // 122:8467
  0x21, 0x67, 0x5F, 0x17,  // 123:8551
  0x21, 0xC6, 0x28, 0x0C,  // 124:8646
  0x21, 0xEE, 0x5D, 0x17,  // 125:8686
  0x22, 0x4B, 0x71, 0x1B,  // 126:8779
  0x22, 0xBC, 0x5A, 0x13,  // 127:8892
  0x23, 0x16, 0x5A, 0x13,  // 128:8982
  0x23, 0x70, 0x5A, 0x13,  // 129:9072
  0x23, 0xCA, 0x5A, 0x13,  // 130:9162
  0x24, 0x24, 0x5A, 0x13,  // 131:9252
  0x24, 0x7E, 0x5A, 0x13,  // 132:9342
  0x24, 0xD8, 0x5A, 0x13,  // 133:9432
  0x25, 0x32, 0x5A, 0x13,  // 134:9522
  0x25, 0x8C, 0x5A, 0x13,  // 135:9612
  0x25, 0xE6, 0x5A, 0x13,  // 136:9702
  0x26, 0x40, 0x5A, 0x13,  // 137:9792
  0x26, 0x9A, 0x5A, 0x13,  // 138:9882
  0x26, 0xF4, 0x5A, 0x13,  // 139:9972
  0x27, 0x4E, 0x5A, 0x13,  // 140:10062
  0x27, 0xA8, 0x5A, 0x13,  // 141:10152
  0x28, 0x02, 0x5A, 0x13,  // 142:10242
  0x28, 0x5C, 0x5A, 0x13,  // 143:10332
  0x28, 0xB6, 0x5A, 0x13,  // 144:10422
  0x29, 0x10, 0x5A, 0x13,  // 145:10512
  0x29, 0x6A, 0x5A, 0x13,  // 146:10602
  0x29, 0xC4, 0x5A, 0x13,  // 147:10692
  0x2A, 0x1E, 0x5A, 0x13,  // 148:10782
  0x2A, 0x78, 0x5A, 0x13,  // 149:10872
  0x2A, 0xD2, 0x5A, 0x13,  // 150:10962
  0x2B, 0x2C, 0x5A, 0x13,  // 151:11052
  0x2B, 0x86, 0x5A, 0x13,  // 152:11142
  0x2B, 0xE0, 0x5A, 0x13,  // 153:11232
  0x2C, 0x3A, 0x5A, 0x13,  // 154:11322
  0x2C, 0x94, 0x5A, 0x13,  // 155:11412
  0x2C, 0xEE, 0x5A, 0x13,  // 156:11502
  0x2D, 0x48, 0x5A, 0x13,  // 157:11592
  0x2D, 0xA2, 0x5A, 0x13,  // 158:11682
  0x2D, 0xFC, 0x5A, 0x13,  // 159:11772
  0xFF, 0xFF, 0x00, 0x0B,  // 160:65535
  0x2E, 0x56, 0x32, 0x0F,  // 161:11862
  0x2E, 0x88, 0x59, 0x16,  // 162:11912
  0x2E, 0xE1, 0x63, 0x16,  // 163:12001
  0x2F, 0x44, 0x5E, 0x14,  // 164:12100
  0x2F, 0xA2, 0x6A, 0x16,  // 165:12194
  0x30, 0x0C, 0x28, 0x0C,  // 166:12300
  0x30, 0x34, 0x4F, 0x10,  // 167:12340
  0x30, 0x83, 0x43, 0x10,  // 168:12419
  0x30, 0xC6, 0x85, 0x20,  // 169:12486
  0x31, 0x4B, 0x4A, 0x12,  // 170:12619
  0x31, 0x95, 0x59, 0x15,  // 171:12693
  0x31, 0xEE, 0x72, 0x1B,  // 172:12782
  0x32, 0x60, 0x3A, 0x0D,  // 173:12896
  0x32, 0x9A, 0x85, 0x20,  // 174:12954
  0x33, 0x1F, 0x3E, 0x10,  // 175:13087
  0x33, 0x5D, 0x3E, 0x10,  // 176:13149
  0x33, 0x9B, 0x77, 0x1B,  // 177:13211
  0x34, 0x12, 0x3F, 0x0E,  // 178:13330
  0x34, 0x51, 0x3A, 0x0E,  // 179:13393
  0x34, 0x8B, 0x47, 0x10,  // 180:13451
  0x34, 0xD2, 0x72, 0x18,  // 181:13522
  0x35, 0x44, 0x5A, 0x14,  // 182:13636
  0x35, 0x9E, 0x2B, 0x0C,  // 183:13726
  0x35, 0xC9, 0x37, 0x10,  // 184:13769
  0x36, 0x00, 0x3A, 0x0E,  // 185:13824
  0x36, 0x3A, 0x4D, 0x12,  // 186:13882
  0x36, 0x87, 0x5D, 0x15,  // 187:13959
  0x36, 0xE4, 0x9A, 0x21,  // 188:14052
  0x37, 0x7E, 0x9F, 0x21,  // 189:14206
  0x38, 0x1D, 0x9A, 0x21,  // 190:14365
  0x38, 0xB7, 0x50, 0x13,  // 191:14519
  0x39, 0x07, 0x77, 0x19,  // 192:14599
  0x39, 0x7E, 0x77, 0x19,  // 193:14718
  0x39, 0xF5, 0x77, 0x19,  // 194:14837
  0x3A, 0x6C, 0x77, 0x19,  // 195:14956
  0x3A, 0xE3, 0x77, 0x19,  // 196:15075
  0x3B, 0x5A, 0x77, 0x19,  // 197:15194
  0x3B, 0xD1, 0x9F, 0x23,  // 198:15313
  0x3C, 0x70, 0x6D, 0x17,  // 199:15472
  0x3C, 0xDD, 0x63, 0x16,  // 200:15581
  0x3D, 0x40, 0x63, 0x16,  // 201:15680
  0x3D, 0xA3, 0x63, 0x16,  // 202:15779
  0x3E, 0x06, 0x63, 0x16,  // 203:15878
  0x3E, 0x69, 0x2C, 0x0C,  // 204:15977
  0x3E, 0x95, 0x33, 0x0C,  // 205:16021
  0x3E, 0xC8, 0x38, 0x0C,  // 206:16072
  0x3F, 0x00, 0x33, 0x0C,  // 207:16128
  0x3F, 0x33, 0x7B, 0x1B,  // 208:16179
  0x3F, 0xAE, 0x77, 0x1B,  // 209:16302
  0x40, 0x25, 0x80, 0x1B,  // 210:16421
  0x40, 0xA5, 0x80, 0x1B,  // 211:16549
  0x41, 0x25, 0x80, 0x1B,  // 212:16677
  0x41, 0xA5, 0x80, 0x1B,  // 213:16805
  0x42, 0x25, 0x80, 0x1B,  // 214:16933
  0x42, 0xA5, 0x72, 0x1B,  // 215:17061
  0x43, 0x17, 0x80, 0x1B,  // 216:17175
  0x43, 0x97, 0x71, 0x1A,  // 217:17303
  0x44, 0x08, 0x71, 0x1A,  // 218:17416
  0x44, 0x79, 0x71, 0x1A,  // 219:17529
  0x44, 0xEA, 0x71, 0x1A,  // 220:17642
  0x45, 0x5B, 0x70, 0x17,  // 221:17755
  0x45, 0xCB, 0x6C, 0x18,  // 222:17867
  0x46, 0x37, 0x6D, 0x17,  // 223:17975
  0x46, 0xA4, 0x5E, 0x16,  // 224:18084
  0x47, 0x02, 0x5E, 0x16,  // 225:18178
  0x47, 0x60, 0x5E, 0x16,  // 226:18272
  0x47, 0xBE, 0x5E, 0x16,  // 227:18366
  0x48, 0x1C, 0x5E, 0x16,  // 228:18460
  0x48, 0x7A, 0x5E, 0x16,  // 229:18554
  0x48, 0xD8, 0x9E, 0x22,  // 230:18648
  0x49, 0x76, 0x4F, 0x13,  // 231:18806
  0x49, 0xC5, 0x62, 0x16,  // 232:18885
  0x4A, 0x27, 0x62, 0x16,  // 233:18983
  0x4A, 0x89, 0x62, 0x16,  // 234:19081
  0x4A, 0xEB, 0x62, 0x16,  // 235:19179
  0x4B, 0x4D, 0x2C, 0x0B,  // 236:19277
  0x4B, 0x79, 0x33, 0x0B,  // 237:19321
  0x4B, 0xAC, 0x34, 0x0B,  // 238:19372
  0x4B, 0xE0, 0x34, 0x0B,  // 239:19424
  0x4C, 0x14, 0x63, 0x16,  // 240:19476
  0x4C, 0x77, 0x68, 0x17,  // 241:19575
  0x4C, 0xDF, 0x62, 0x16,  // 242:19679
  0x4D, 0x41, 0x62, 0x16,  // 243:19777
  0x4D, 0xA3, 0x62, 0x16,  // 244:19875
  0x4E, 0x05, 0x62, 0x16,  // 245:19973
  0x4E, 0x67, 0x62, 0x16,  // 246:20071
  0x4E, 0xC9, 0x76, 0x1B,  // 247:20169
  0x4F, 0x3F, 0x62, 0x16,  // 248:20287
  0x4F, 0xA1, 0x68, 0x17,  // 249:20385
  0x50, 0x09, 0x68, 0x17,  // 250:20489
  0x50, 0x71, 0x68, 0x17,  // 251:20593
  0x50, 0xD9, 0x68, 0x17,  // 252:20697
  0x51, 0x41, 0x61, 0x15,  // 253:20801
  0x51, 0xA2, 0x6D, 0x17,  // 254:20898
  0x52, 0x0F, 0x61, 0x15,  // 255:21007

  // Font Data:
  0x00,0x00,0x00,0x00,0x00,0x00,0x00,0x00,0x00,0x00,0x00,0x00,0x00,0x00,0x00,0x00,0x00,0x00,0x00,0x00,0x80,0xFF,0x07,0x3F,0x00,0x80,0xFF,0x3F,0x3F,0x00,0x80,0xFF,0x3F,0x3F,0x00,0x80,0xFF,0x3F,0x3F,0x00,0x80,0xFF,0x3F,0x3F,0x00,0x80,0xFF,0x0F,0x3F, // 33
  0x00,0x00,0x00,0x00,0x00,0x00,0x00,0x00,0x00,0x00,0x00,0x00,0x00,0x00,0x00,0x80,0xFF,0x00,0x00,0x00,0x80,0xFF,0x00,0x00,0x00,0x80,0xFF,0x00,0x00,0x00,0x80,0xFF,0x00,0x00,0x00,0x00,0x00,0x00,0x00,0x00,0x00,0x00,0x00,0x00,0x00,0x00,0x00,0x00,0x00,0x00,0x80,0xFF,0x00,0x00,0x00,0x80,0xFF,0x00,0x00,0x00,0x80,0xFF,0x00,0x00,0x00,0x80,0xFF, // 34
  0x00,0x00,0x00,0x00,0x00,0x00,0x00,0x00,0x00,0x00,0x00,0x00,0xE0,0x00,0x00,0x00,0x00,0xE0,0x00,0x00,0x00,0xC0,0xE1,0x00,0x00,0x00,0xC0,0xE1,0x38,0x00,0x00,0xC0,0xE1,0x3F,0x00,0x00,0xC0,0xF9,0x3F,0x00,0x00,0xC0,0xFF,0x1F,0x00,0x00,0xF8,0xFF,0x01,0x00,0x80,0xFF,0xFF,0x00,0x00,0x80,0xFF,0xE1,0x00,0x00,0x80,0xDF,0xE1,0x20,0x00,0x80,0xC1,0xE1,0x3E,0x00,0x00,0xC0,0xE1,0x3F,0x00,0x00,0xC0,0xFF,0x3F,0x00,0x00,0xE0,0xFF,0x03,0x00,0x00,0xFE,0xFF,0x00,0x00,0x80,0xFF,0xE7,0x00,0x00,0x80,0xFF,0xE1,0x00,0x00,0x80,0xC7,0xE1,0x00,0x00,0x00,0xC0,0xE1,0x00,0x00,0x00,0xC0,0x01,0x00,0x00,0x00,0xC0,0x01,  // 35
  0x00,0x00,0x00,0x00,0x00,0x00,0x00,0x00,0x00,0x00,0x00,0xE0,0x03,0x0F,0x00,0x00,0xF8,0x07,0x1E,0x00,0x00,0xFC,0x0F,0x1E,0x00,0x00,0xFC,0x1F,0x1E,0x00,0x00,0xFC,0x1F,0x3C,0x00,0x00,0x3E,0x1E,0x3C,0x00,0x00,0x1E,0x1E,0x3C,0x00,0xE0,0xFF,0xFF,0xFF,0x07,0xE0,0xFF,0xFF,0xFF,0x07,0xE0,0xFF,0xFF,0xFF,0x07,0x00,0x1E,0x3C,0x3C,0x00,0x00,0x1E,0x3C,0x3C,0x00,0x00,0x1E,0x7C,0x3E,0x00,0x00,0x3C,0xFC,0x1F,0x00,0x00,0x3C,0xF8,0x1F,0x00,0x00,0x3C,0xF8,0x1F,0x00,0x00,0x78,0xF0,0x0F,0x00,0x00,0x00,0xE0,0x03, // 36
  0x00,0x00,0x00,0x00,0x00,0x00,0xFC,0x01,0x00,0x00,0x00,0xFE,0x03,0x00,0x00,0x00,0xFF,0x07,0x00,0x00,0x80,0xFF,0x0F,0x00,0x00,0x80,0x07,0x0F,0x00,0x00,0x80,0x03,0x0E,0x00,0x00,0x80,0x03,0x0E,0x20,0x00,0x80,0x07,0x0F,0x38,0x00,0x80,0xFF,0x0F,0x3C,0x00,0x00,0xFF,0x07,0x3F,0x00,0x00,0xFE,0x83,0x0F,0x00,0x00,0xF8,0xE0,0x07,0x00,0x00,0x00,0xF0,0x01,0x00,0x00,0x00,0xFC,0x00,0x00,0x00,0x00,0x3E,0x00,0x00,0x00,0x80,0x1F,0x00,0x00,0x00,0xE0,0x07,0x00,0x00,0x00,0xF0,0x01,0x00,0x00,0x00,0xFC,0xF0,0x07,0x00,0x00,0x3E,0xF8,0x0F,0x00,0x80,0x1F,0xFC,0x1F,0x00,0x80,0x07,0xFE,0x3F,0x00,0x80,0x03,0x1E,0x3C,0x00,0x80,0x00,0x0E,0x38,0x00,0x00,0x00,0x0E,0x38,0x00,0x00,0x00,0x1E,0x3C,0x00,0x00,0x00,0xFE,0x3F,0x00,0x00,0x00,0xFC,0x1F,0x00,0x00,0x00,0xF8,0x0F,0x00,0x00,0x00,0xE0,0x03,  // 37
  0x00,0x00,0x00,0x00,0x00,0x00,0x00,0x00,0x00,0x00,0x00,0x00,0xF0,0x01,0x00,0x00,0x00,0xFC,0x07,0x00,0x00,0x00,0xFE,0x0F,0x00,0x00,0x3C,0xFF,0x1F,0x00,0x00,0x7E,0xFF,0x1F,0x00,0x00,0xFF,0xFF,0x3F,0x00,0x00,0xFF,0x0F,0x3F,0x00,0x80,0xFF,0x07,0x3E,0x00,0x80,0xFF,0x0F,0x3C,0x00,0x80,0xC7,0x1F,0x3C,0x00,0x80,0x87,0x7F,0x3C,0x00,0x80,0x07,0xFF,0x3C,0x00,0x80,0x07,0xFE,0x3F,0x00,0x80,0x07,0xFC,0x1F,0x00,0x00,0x0F,0xF0,0x1F,0x00,0x00,0x0F,0xE0,0x1F,0x00,0x00,0x00,0xE0,0x0F,0x00,0x00,0x00,0xF0,0x1F,0x00,0x00,0x00,0xFC,0x3F,0x00,0x00,0x00,0xFF,0x3F,0x00,0x00,0x00,0xFF,0x3E,0x00,0x00,0x00,0x7F,0x3C,0x00,0x00,0x00,0x3F,0x38,0x00,0x00,0x00,0x07,0x30,0x00,0x00,0x00,0x00,0x20,  // 38
  0x00,0x00,0x00,0x00,0x00,0x00,0x00,0x00,0x00,0x00,0x00,0x00,0x00,0x00,0x00,0x80,0xFF,0x00,0x00,0x00,0x80,0xFF,0x00,0x00,0x00,0x80,0xFF,0x00,0x00,0x00,0x80,0xFF,  // 39
  0x00,0x00,0x00,0x00,0x00,0x00,0x00,0x00,0x00,0x00,0x00,0x00,0x00,0x00,0x00,0x00,0x00,0xFF,0x01,0x00,0x00,0xF0,0xFF,0x1F,0x00,0x00,0xFC,0xFF,0x7F,0x00,0x00,0xFF,0xFF,0xFF,0x01,0xC0,0xFF,0xFF,0xFF,0x07,0xC0,0xFF,0x00,0xFC,0x07,0xC0,0x0F,0x00,0xE0,0x07,0xC0,0x01,0x00,0x00,0x07,0x40,0x00,0x00,0x00,0x04,  // 40
  0x00,0x00,0x00,0x00,0x00,0x00,0x00,0x00,0x00,0x00,0x00,0x00,0x00,0x00,0x00,0x40,0x00,0x00,0x00,0x04,0xC0,0x01,0x00,0x00,0x07,0xC0,0x0F,0x00,0xE0,0x07,0xC0,0xFF,0x00,0xFE,0x07,0xC0,0xFF,0xFF,0xFF,0x07,0x00,0xFF,0xFF,0xFF,0x01,0x00,0xFC,0xFF,0x7F,0x00,0x00,0xF0,0xFF,0x1F,0x00,0x00,0x00,0xFF,0x01, // 41
  0x00,0x00,0x00,0x00,0x00,0x00,0x08,0x02,0x00,0x00,0x00,0x1C,0x07,0x00,0x00,0x00,0x18,0x03,0x00,0x00,0x00,0xB8,0x03,0x00,0x00,0x00,0xB0,0x01,0x00,0x00,0x00,0xF0,0x01,0x00,0x00,0x80,0xFF,0x3F,0x00,0x00,0x80,0xFF,0x3F,0x00,0x00,0x80,0xFF,0x3F,0x00,0x00,0x00,0xF0,0x01,0x00,0x00,0x00,0xB0,0x01,0x00,0x00,0x00,0xB8,0x03,0x00,0x00,0x00,0x18,0x03,0x00,0x00,0x00,0x1C,0x07,0x00,0x00,0x00,0x08,0x02,  // 42
  0x00,0x00,0x00,0x00,0x00,0x00,0x00,0x00,0x00,0x00,0x00,0x00,0x00,0x00,0x00,0x00,0x00,0x00,0x00,0x00,0x00,0x00,0x3C,0x00,0x00,0x00,0x00,0x3C,0x00,0x00,0x00,0x00,0x3C,0x00,0x00,0x00,0x00,0x3C,0x00,0x00,0x00,0x00,0x3C,0x00,0x00,0x00,0x00,0x3C,0x00,0x00,0x00,0x00,0x3C,0x00,0x00,0x00,0x00,0x3C,0x00,0x00,0x00,0xFC,0xFF,0x3F,0x00,0x00,0xFC,0xFF,0x3F,0x00,0x00,0xFC,0xFF,0x3F,0x00,0x00,0xFC,0xFF,0x3F,0x00,0x00,0x00,0x3C,0x00,0x00,0x00,0x00,0x3C,0x00,0x00,0x00,0x00,0x3C,0x00,0x00,0x00,0x00,0x3C,0x00,0x00,0x00,0x00,0x3C,0x00,0x00,0x00,0x00,0x3C,0x00,0x00,0x00,0x00,0x3C,0x00,0x00,0x00,0x00,0x3C,  // 43
  0x00,0x00,0x00,0x00,0x00,0x00,0x00,0x00,0x00,0x06,0x00,0x00,0x00,0xC0,0x07,0x00,0x00,0x00,0xFF,0x07,0x00,0x00,0x00,0xFF,0x03,0x00,0x00,0x00,0xFF,0x01,0x00,0x00,0x00,0xFF,0x00,0x00,0x00,0x00,0x7F,0x00,0x00,0x00,0x00,0x3F,  // 44
  0x00,0x00,0x00,0x00,0x00,0x00,0x00,0x00,0x00,0x00,0x00,0x00,0x7C,0x00,0x00,0x00,0x00,0x7C,0x00,0x00,0x00,0x00,0x7C,0x00,0x00,0x00,0x00,0x7C,0x00,0x00,0x00,0x00,0x7C,0x00,0x00,0x00,0x00,0x7C,0x00,0x00,0x00,0x00,0x7C,0x00,0x00,0x00,0x00,0x7C,0x00,0x00,0x00,0x00,0x7C,0x00,0x00,0x00,0x00,0x7C,  // 45
  0x00,0x00,0x00,0x00,0x00,0x00,0x00,0x00,0x00,0x00,0x00,0x00,0x00,0x00,0x00,0x00,0x00,0x00,0x3F,0x00,0x00,0x00,0x00,0x3F,0x00,0x00,0x00,0x00,0x3F,0x00,0x00,0x00,0x00,0x3F,0x00,0x00,0x00,0x00,0x3F,0x00,0x00,0x00,0x00,0x3F,  // 46
  0x00,0x00,0x00,0x80,0x01,0x00,0x00,0x00,0xF0,0x01,0x00,0x00,0x00,0xFE,0x01,0x00,0x00,0xC0,0xFF,0x01,0x00,0x00,0xF8,0x3F,0x00,0x00,0x00,0xFF,0x07,0x00,0x00,0xE0,0xFF,0x00,0x00,0x00,0xFC,0x1F,0x00,0x00,0x80,0xFF,0x03,0x00,0x00,0x80,0x7F,0x00,0x00,0x00,0x80,0x0F,0x00,0x00,0x00,0x80,0x01, // 47
  0x00,0x00,0x00,0x00,0x00,0x00,0x00,0x00,0x00,0x00,0x00,0xC0,0x7F,0x00,0x00,0x00,0xF8,0xFF,0x03,0x00,0x00,0xFC,0xFF,0x07,0x00,0x00,0xFE,0xFF,0x0F,0x00,0x00,0xFF,0xFF,0x1F,0x00,0x00,0xFF,0xFF,0x1F,0x00,0x80,0x1F,0x00,0x3F,0x00,0x80,0x0F,0x00,0x3E,0x00,0x80,0x07,0x00,0x3C,0x00,0x80,0x07,0x00,0x3C,0x00,0x80,0x07,0x00,0x3C,0x00,0x80,0x0F,0x00,0x3E,0x00,0x80,0x3F,0x80,0x3F,0x00,0x00,0xFF,0xFF,0x1F,0x00,0x00,0xFF,0xFF,0x1F,0x00,0x00,0xFE,0xFF,0x0F,0x00,0x00,0xFC,0xFF,0x07,0x00,0x00,0xF8,0xFF,0x03,0x00,0x00,0xC0,0x7F, // 48
  0x00,0x00,0x00,0x00,0x00,0x00,0x00,0x00,0x00,0x00,0x00,0x00,0x00,0x00,0x00,0x00,0x00,0x00,0x00,0x00,0x00,0x0F,0x00,0x3C,0x00,0x00,0x0F,0x00,0x3C,0x00,0x80,0x0F,0x00,0x3C,0x00,0x80,0x07,0x00,0x3C,0x00,0x80,0x07,0x00,0x3C,0x00,0x80,0xFF,0xFF,0x3F,0x00,0x80,0xFF,0xFF,0x3F,0x00,0x80,0xFF,0xFF,0x3F,0x00,0x80,0xFF,0xFF,0x3F,0x00,0x80,0xFF,0xFF,0x3F,0x00,0x80,0xFF,0xFF,0x3F,0x00,0x00,0x00,0x00,0x3C,0x00,0x00,0x00,0x00,0x3C,0x00,0x00,0x00,0x00,0x3C,0x00,0x00,0x00,0x00,0x3C,0x00,0x00,0x00,0x00,0x3C, // 49
  0x00,0x00,0x00,0x00,0x00,0x00,0x00,0x00,0x00,0x00,0x00,0x00,0x00,0x00,0x00,0x00,0x1F,0x00,0x3C,0x00,0x00,0x0F,0x00,0x3E,0x00,0x00,0x0F,0x00,0x3F,0x00,0x80,0x0F,0x80,0x3F,0x00,0x80,0x07,0xC0,0x3F,0x00,0x80,0x07,0xE0,0x3F,0x00,0x80,0x07,0xF0,0x3F,0x00,0x80,0x07,0xF8,0x3F,0x00,0x80,0x07,0xF8,0x3F,0x00,0x80,0x0F,0xFC,0x3F,0x00,0x80,0x1F,0xFF,0x3D,0x00,0x80,0xFF,0xFF,0x3C,0x00,0x00,0xFF,0x7F,0x3C,0x00,0x00,0xFF,0x3F,0x3C,0x00,0x00,0xFE,0x1F,0x3C,0x00,0x00,0xFC,0x0F,0x3C,0x00,0x00,0xF8,0x03,0x3C, // 50
  0x00,0x00,0x00,0x00,0x00,0x00,0x00,0x00,0x00,0x00,0x00,0x00,0x00,0x1F,0x00,0x00,0x0F,0x00,0x1E,0x00,0x00,0x0F,0x00,0x3E,0x00,0x80,0x07,0x00,0x3C,0x00,0x80,0x07,0x1E,0x3C,0x00,0x80,0x07,0x1E,0x3C,0x00,0x80,0x07,0x1E,0x3C,0x00,0x80,0x07,0x1E,0x3C,0x00,0x80,0x07,0x1E,0x3C,0x00,0x80,0x0F,0x1F,0x3C,0x00,0x80,0x0F,0x3F,0x3E,0x00,0x80,0xFF,0x3F,0x3E,0x00,0x00,0xFF,0xFF,0x1F,0x00,0x00,0xFF,0xFB,0x1F,0x00,0x00,0xFF,0xFB,0x1F,0x00,0x00,0xFE,0xF9,0x0F,0x00,0x00,0xF8,0xF0,0x07,0x00,0x00,0x00,0xE0,0x03, // 51
  0x00,0x00,0x00,0x00,0x00,0x00,0x00,0x00,0x00,0x00,0x00,0x00,0xF8,0x01,0x00,0x00,0x00,0xFC,0x01,0x00,0x00,0x00,0xFE,0x01,0x00,0x00,0x80,0xFF,0x01,0x00,0x00,0xC0,0xFF,0x01,0x00,0x00,0xF0,0xE7,0x01,0x00,0x00,0xF8,0xE3,0x01,0x00,0x00,0xFC,0xE0,0x01,0x00,0x00,0x7F,0xE0,0x01,0x00,0x80,0x3F,0xE0,0x01,0x00,0x80,0xFF,0xFF,0x3F,0x00,0x80,0xFF,0xFF,0x3F,0x00,0x80,0xFF,0xFF,0x3F,0x00,0x80,0xFF,0xFF,0x3F,0x00,0x80,0xFF,0xFF,0x3F,0x00,0x80,0xFF,0xFF,0x3F,0x00,0x00,0x00,0xE0,0x01,0x00,0x00,0x00,0xE0,0x01,0x00,0x00,0x00,0xE0,0x01,  // 52
  0x00,0x00,0x00,0x00,0x00,0x00,0x00,0x00,0x00,0x00,0x00,0x00,0x00,0x1F,0x00,0x80,0xFF,0x0F,0x1E,0x00,0x80,0xFF,0x07,0x3E,0x00,0x80,0xFF,0x07,0x3E,0x00,0x80,0xFF,0x03,0x3C,0x00,0x80,0xFF,0x03,0x3C,0x00,0x80,0xC7,0x03,0x3C,0x00,0x80,0xC7,0x03,0x3C,0x00,0x80,0xC7,0x03,0x3C,0x00,0x80,0xC7,0x03,0x3C,0x00,0x80,0xC7,0x07,0x3E,0x00,0x80,0xC7,0x0F,0x3F,0x00,0x80,0xC7,0xFF,0x1F,0x00,0x80,0x87,0xFF,0x1F,0x00,0x80,0x87,0xFF,0x0F,0x00,0x80,0x07,0xFF,0x0F,0x00,0x00,0x00,0xFE,0x07,0x00,0x00,0x00,0xF8,0x01, // 53
  0x00,0x00,0x00,0x00,0x00,0x00,0x00,0x00,0x00,0x00,0x00,0x80,0x7F,0x00,0x00,0x00,0xF0,0xFF,0x03,0x00,0x00,0xF8,0xFF,0x07,0x00,0x00,0xFC,0xFF,0x0F,0x00,0x00,0xFE,0xFF,0x1F,0x00,0x00,0xFF,0xFF,0x1F,0x00,0x00,0xBF,0xFF,0x3F,0x00,0x80,0x8F,0x07,0x3E,0x00,0x80,0xCF,0x03,0x3C,0x00,0x80,0xC7,0x03,0x3C,0x00,0x80,0xC7,0x03,0x3C,0x00,0x80,0xC7,0x03,0x3C,0x00,0x80,0xC7,0x07,0x3E,0x00,0x80,0xC7,0xFF,0x1F,0x00,0x00,0x8F,0xFF,0x1F,0x00,0x00,0x8F,0xFF,0x0F,0x00,0x00,0x1E,0xFF,0x0F,0x00,0x00,0x00,0xFE,0x07,0x00,0x00,0x00,0xF8,0x01,  // 54
  0x00,0x00,0x00,0x00,0x00,0x00,0x00,0x00,0x00,0x00,0x80,0x07,0x00,0x00,0x00,0x80,0x07,0x00,0x00,0x00,0x80,0x07,0x00,0x20,0x00,0x80,0x07,0x00,0x38,0x00,0x80,0x07,0x00,0x3E,0x00,0x80,0x07,0x80,0x3F,0x00,0x80,0x07,0xE0,0x3F,0x00,0x80,0x07,0xFC,0x3F,0x00,0x80,0x07,0xFF,0x3F,0x00,0x80,0xC7,0xFF,0x0F,0x00,0x80,0xF7,0xFF,0x03,0x00,0x80,0xFF,0xFF,0x00,0x00,0x80,0xFF,0x3F,0x00,0x00,0x80,0xFF,0x0F,0x00,0x00,0x80,0xFF,0x03,0x00,0x00,0x80,0xFF,0x00,0x00,0x00,0x80,0x3F,0x00,0x00,0x00,0x80,0x07, // 55
  0x00,0x00,0x00,0x00,0x00,0x00,0x00,0x00,0x00,0x00,0x00,0x00,0xE0,0x03,0x00,0x00,0x7C,0xF0,0x0F,0x00,0x00,0xFE,0xF9,0x0F,0x00,0x00,0xFF,0xFD,0x1F,0x00,0x00,0xFF,0xFF,0x1F,0x00,0x80,0xFF,0xFF,0x3F,0x00,0x80,0xFF,0x1F,0x3E,0x00,0x80,0x8F,0x0F,0x3C,0x00,0x80,0x07,0x0F,0x3C,0x00,0x80,0x07,0x0F,0x3C,0x00,0x80,0x8F,0x0F,0x3C,0x00,0x80,0xFF,0x1F,0x3E,0x00,0x80,0xFF,0xFF,0x3F,0x00,0x00,0xFF,0xFF,0x1F,0x00,0x00,0xFF,0xFD,0x1F,0x00,0x00,0xFE,0xF8,0x0F,0x00,0x00,0x7C,0xF0,0x0F,0x00,0x00,0x00,0xE0,0x03, // 56
  0x00,0x00,0x00,0x00,0x00,0x00,0x00,0x00,0x00,0x00,0x00,0xF0,0x03,0x00,0x00,0x00,0xFC,0x0F,0x00,0x00,0x00,0xFE,0x1F,0x0F,0x00,0x00,0xFE,0x3F,0x1E,0x00,0x00,0xFF,0x3F,0x1E,0x00,0x00,0xFF,0x7F,0x3C,0x00,0x80,0x0F,0x7C,0x3C,0x00,0x80,0x07,0x78,0x3C,0x00,0x80,0x07,0x78,0x3C,0x00,0x80,0x07,0x78,0x3C,0x00,0x80,0x07,0x78,0x3E,0x00,0x80,0x0F,0x3C,0x3E,0x00,0x80,0xFF,0xBF,0x1F,0x00,0x00,0xFF,0xFF,0x1F,0x00,0x00,0xFF,0xFF,0x0F,0x00,0x00,0xFE,0xFF,0x07,0x00,0x00,0xFC,0xFF,0x03,0x00,0x00,0xF8,0xFF,0x01,0x00,0x00,0xC0,0x3F, // 57
  0x00,0x00,0x00,0x00,0x00,0x00,0x00,0x00,0x00,0x00,0x00,0x00,0x00,0x00,0x00,0x00,0x00,0x00,0x00,0x00,0x00,0xF0,0x03,0x3F,0x00,0x00,0xF0,0x03,0x3F,0x00,0x00,0xF0,0x03,0x3F,0x00,0x00,0xF0,0x03,0x3F,0x00,0x00,0xF0,0x03,0x3F,0x00,0x00,0xF0,0x03,0x3F, // 58
  0x00,0x00,0x00,0x00,0x00,0x00,0x00,0x00,0x00,0x00,0x00,0x00,0x00,0x00,0x06,0x00,0x00,0x00,0xC0,0x07,0x00,0xF0,0x03,0xFF,0x07,0x00,0xF0,0x03,0xFF,0x03,0x00,0xF0,0x03,0xFF,0x01,0x00,0xF0,0x03,0xFF,0x00,0x00,0xF0,0x03,0x7F,0x00,0x00,0xF0,0x03,0x3F, // 59
  0x00,0x00,0x00,0x00,0x00,0x00,0x00,0x00,0x00,0x00,0x00,0x00,0x00,0x00,0x00,0x00,0x00,0x3C,0x00,0x00,0x00,0x00,0x3C,0x00,0x00,0x00,0x00,0x7E,0x00,0x00,0x00,0x00,0x7E,0x00,0x00,0x00,0x00,0x7E,0x00,0x00,0x00,0x00,0xFF,0x00,0x00,0x00,0x00,0xE7,0x00,0x00,0x00,0x80,0xE7,0x01,0x00,0x00,0x80,0xE7,0x01,0x00,0x00,0x80,0xC3,0x01,0x00,0x00,0xC0,0xC3,0x03,0x00,0x00,0xC0,0xC3,0x03,0x00,0x00,0xC0,0x81,0x03,0x00,0x00,0xE0,0x81,0x07,0x00,0x00,0xE0,0x81,0x07,0x00,0x00,0xE0,0x00,0x07,0x00,0x00,0xF0,0x00,0x0F,0x00,0x00,0xF0,0x00,0x0F,0x00,0x00,0x70,0x00,0x0E,0x00,0x00,0x78,0x00,0x1E,  // 60
  0x00,0x00,0x00,0x00,0x00,0x00,0x00,0x00,0x00,0x00,0x00,0x00,0x00,0x00,0x00,0x00,0x80,0xC7,0x03,0x00,0x00,0x80,0xC7,0x03,0x00,0x00,0x80,0xC7,0x03,0x00,0x00,0x80,0xC7,0x03,0x00,0x00,0x80,0xC7,0x03,0x00,0x00,0x80,0xC7,0x03,0x00,0x00,0x80,0xC7,0x03,0x00,0x00,0x80,0xC7,0x03,0x00,0x00,0x80,0xC7,0x03,0x00,0x00,0x80,0xC7,0x03,0x00,0x00,0x80,0xC7,0x03,0x00,0x00,0x80,0xC7,0x03,0x00,0x00,0x80,0xC7,0x03,0x00,0x00,0x80,0xC7,0x03,0x00,0x00,0x80,0xC7,0x03,0x00,0x00,0x80,0xC7,0x03,0x00,0x00,0x80,0xC7,0x03,0x00,0x00,0x80,0xC7,0x03,0x00,0x00,0x80,0xC7,0x03,0x00,0x00,0x80,0xC7,0x03,  // 61
  0x00,0x00,0x00,0x00,0x00,0x00,0x00,0x00,0x00,0x00,0x00,0x00,0x00,0x00,0x00,0x00,0x78,0x00,0x1E,0x00,0x00,0x70,0x00,0x0E,0x00,0x00,0xF0,0x00,0x0F,0x00,0x00,0xF0,0x00,0x0F,0x00,0x00,0xE0,0x00,0x07,0x00,0x00,0xE0,0x81,0x07,0x00,0x00,0xE0,0x81,0x07,0x00,0x00,0xC0,0x81,0x03,0x00,0x00,0xC0,0xC3,0x03,0x00,0x00,0xC0,0xC3,0x03,0x00,0x00,0x80,0xC3,0x01,0x00,0x00,0x80,0xE7,0x01,0x00,0x00,0x80,0xE7,0x01,0x00,0x00,0x00,0xE7,0x00,0x00,0x00,0x00,0xFF,0x00,0x00,0x00,0x00,0x7E,0x00,0x00,0x00,0x00,0x7E,0x00,0x00,0x00,0x00,0x7E,0x00,0x00,0x00,0x00,0x3C,0x00,0x00,0x00,0x00,0x3C, // 62
  0x00,0x00,0x00,0x00,0x00,0x00,0x00,0x00,0x00,0x00,0x00,0x1F,0x00,0x00,0x00,0x00,0x0F,0x00,0x00,0x00,0x80,0x0F,0x00,0x00,0x00,0x80,0x07,0x38,0x3F,0x00,0x80,0x07,0x3C,0x3F,0x00,0x80,0x07,0x3E,0x3F,0x00,0x80,0x07,0x3F,0x3F,0x00,0x80,0x8F,0x3F,0x3F,0x00,0x80,0xFF,0x3F,0x3F,0x00,0x80,0xFF,0x0F,0x00,0x00,0x00,0xFF,0x07,0x00,0x00,0x00,0xFF,0x03,0x00,0x00,0x00,0xFE,0x01,0x00,0x00,0x00,0x7C, // 63
  0x00,0x00,0x00,0x00,0x00,0x00,0x00,0x00,0x00,0x00,0x00,0x00,0xFE,0x01,0x00,0x00,0x80,0xFF,0x0F,0x00,0x00,0xE0,0xFF,0x1F,0x00,0x00,0xF0,0x03,0x3F,0x00,0x00,0x78,0x00,0x78,0x00,0x00,0x3C,0x00,0xF0,0x00,0x00,0x1E,0x00,0xE0,0x01,0x00,0x0E,0xFC,0xC0,0x01,0x00,0x0F,0xFF,0x83,0x03,0x00,0x87,0xFF,0x87,0x03,0x00,0x87,0xFF,0x87,0x07,0x80,0xC3,0x87,0x0F,0x07,0x80,0xC3,0x01,0x0E,0x07,0x80,0xC3,0x01,0x0E,0x07,0x80,0xC3,0x01,0x0E,0x07,0x80,0x83,0x01,0x06,0x07,0x80,0x03,0x87,0x03,0x07,0x80,0xC3,0xFF,0x8F,0x07,0x00,0xC7,0xFF,0x8F,0x03,0x00,0xC7,0xFF,0x8F,0x03,0x00,0xCF,0xFF,0xCF,0x01,0x00,0x0E,0x00,0xEE,0x01,0x00,0x1E,0x00,0x87,0x00,0x00,0x3C,0x00,0x07,0x00,0x00,0xF8,0xC0,0x03,0x00,0x00,0xF0,0xFF,0x03,0x00,0x00,0xC0,0xFF,0x00,0x00,0x00,0x00,0x3F,  // 64
  0x00,0x00,0x00,0x20,0x00,0x00,0x00,0x00,0x3C,0x00,0x00,0x00,0x80,0x3F,0x00,0x00,0x00,0xF0,0x3F,0x00,0x00,0x00,0xFC,0x3F,0x00,0x00,0x80,0xFF,0x3F,0x00,0x00,0xF0,0xFF,0x3F,0x00,0x00,0xFC,0xFF,0x07,0x00,0x80,0xFF,0xFF,0x01,0x00,0x80,0xFF,0xFF,0x01,0x00,0x80,0xFF,0xE7,0x01,0x00,0x80,0xFF,0xE0,0x01,0x00,0x80,0xFF,0xE0,0x01,0x00,0x80,0xFF,0xE7,0x01,0x00,0x80,0xFF,0xFF,0x01,0x00,0x80,0xFF,0xFF,0x01,0x00,0x00,0xFC,0xFF,0x07,0x00,0x00,0xF0,0xFF,0x3F,0x00,0x00,0x80,0xFF,0x3F,0x00,0x00,0x00,0xFC,0x3F,0x00,0x00,0x00,0xE0,0x3F,0x00,0x00,0x00,0x80,0x3F,0x00,0x00,0x00,0x00,0x3C,0x00,0x00,0x00,0x00,0x20, // 65
  0x00,0x00,0x00,0x00,0x00,0x00,0x00,0x00,0x00,0x00,0x00,0x00,0x00,0x00,0x00,0x80,0xFF,0xFF,0x3F,0x00,0x80,0xFF,0xFF,0x3F,0x00,0x80,0xFF,0xFF,0x3F,0x00,0x80,0xFF,0xFF,0x3F,0x00,0x80,0xFF,0xFF,0x3F,0x00,0x80,0xFF,0xFF,0x3F,0x00,0x80,0x07,0x0F,0x3C,0x00,0x80,0x07,0x0F,0x3C,0x00,0x80,0x07,0x0F,0x3C,0x00,0x80,0x07,0x0F,0x3C,0x00,0x80,0x07,0x0F,0x3C,0x00,0x80,0x8F,0x0F,0x3C,0x00,0x80,0xFF,0x1F,0x3E,0x00,0x00,0xFF,0xFF,0x3F,0x00,0x00,0xFF,0xFF,0x1F,0x00,0x00,0xFF,0xFF,0x1F,0x00,0x00,0xFE,0xFD,0x1F,0x00,0x00,0x78,0xF8,0x0F,0x00,0x00,0x00,0xE0,0x03, // 66
  0x00,0x00,0x00,0x00,0x00,0x00,0x00,0x00,0x00,0x00,0x00,0x80,0x3F,0x00,0x00,0x00,0xF0,0xFF,0x01,0x00,0x00,0xF8,0xFF,0x03,0x00,0x00,0xFC,0xFF,0x07,0x00,0x00,0xFE,0xFF,0x0F,0x00,0x00,0xFE,0xFF,0x0F,0x00,0x00,0x7F,0xC0,0x1F,0x00,0x00,0x1F,0x00,0x1F,0x00,0x80,0x0F,0x00,0x3E,0x00,0x80,0x0F,0x00,0x3E,0x00,0x80,0x07,0x00,0x3C,0x00,0x80,0x07,0x00,0x3C,0x00,0x80,0x07,0x00,0x3C,0x00,0x80,0x07,0x00,0x3C,0x00,0x80,0x07,0x00,0x3C,0x00,0x80,0x07,0x00,0x3C,0x00,0x80,0x07,0x00,0x3C,0x00,0x00,0x0F,0x00,0x1E,0x00,0x00,0x0F,0x00,0x1E,0x00,0x00,0x1F,0x00,0x1F, // 67
  0x00,0x00,0x00,0x00,0x00,0x00,0x00,0x00,0x00,0x00,0x00,0x00,0x00,0x00,0x00,0x80,0xFF,0xFF,0x3F,0x00,0x80,0xFF,0xFF,0x3F,0x00,0x80,0xFF,0xFF,0x3F,0x00,0x80,0xFF,0xFF,0x3F,0x00,0x80,0xFF,0xFF,0x3F,0x00,0x80,0xFF,0xFF,0x3F,0x00,0x80,0x07,0x00,0x3C,0x00,0x80,0x07,0x00,0x3C,0x00,0x80,0x07,0x00,0x3C,0x00,0x80,0x07,0x00,0x3C,0x00,0x80,0x07,0x00,0x3C,0x00,0x80,0x07,0x00,0x3C,0x00,0x80,0x0F,0x00,0x3E,0x00,0x00,0x0F,0x00,0x1E,0x00,0x00,0x1F,0x00,0x1F,0x00,0x00,0x7F,0xC0,0x1F,0x00,0x00,0xFE,0xFF,0x0F,0x00,0x00,0xFE,0xFF,0x0F,0x00,0x00,0xFC,0xFF,0x07,0x00,0x00,0xF8,0xFF,0x03,0x00,0x00,0xF0,0xFF,0x01,0x00,0x00,0x80,0x3F, // 68
  0x00,0x00,0x00,0x00,0x00,0x00,0x00,0x00,0x00,0x00,0x00,0x00,0x00,0x00,0x00,0x80,0xFF,0xFF,0x3F,0x00,0x80,0xFF,0xFF,0x3F,0x00,0x80,0xFF,0xFF,0x3F,0x00,0x80,0xFF,0xFF,0x3F,0x00,0x80,0xFF,0xFF,0x3F,0x00,0x80,0xFF,0xFF,0x3F,0x00,0x80,0x07,0x0F,0x3C,0x00,0x80,0x07,0x0F,0x3C,0x00,0x80,0x07,0x0F,0x3C,0x00,0x80,0x07,0x0F,0x3C,0x00,0x80,0x07,0x0F,0x3C,0x00,0x80,0x07,0x0F,0x3C,0x00,0x80,0x07,0x0F,0x3C,0x00,0x80,0x07,0x0F,0x3C,0x00,0x80,0x07,0x0F,0x3C,0x00,0x80,0x07,0x0F,0x3C,0x00,0x80,0x07,0x00,0x3C, // 69
  0x00,0x00,0x00,0x00,0x00,0x00,0x00,0x00,0x00,0x00,0x00,0x00,0x00,0x00,0x00,0x80,0xFF,0xFF,0x3F,0x00,0x80,0xFF,0xFF,0x3F,0x00,0x80,0xFF,0xFF,0x3F,0x00,0x80,0xFF,0xFF,0x3F,0x00,0x80,0xFF,0xFF,0x3F,0x00,0x80,0xFF,0xFF,0x3F,0x00,0x80,0x07,0x0F,0x00,0x00,0x80,0x07,0x0F,0x00,0x00,0x80,0x07,0x0F,0x00,0x00,0x80,0x07,0x0F,0x00,0x00,0x80,0x07,0x0F,0x00,0x00,0x80,0x07,0x0F,0x00,0x00,0x80,0x07,0x0F,0x00,0x00,0x80,0x07,0x0F,0x00,0x00,0x80,0x07,0x0F,0x00,0x00,0x80,0x07,  // 70
  0x00,0x00,0x00,0x00,0x00,0x00,0x00,0x00,0x00,0x00,0x00,0x80,0x3F,0x00,0x00,0x00,0xF0,0xFF,0x01,0x00,0x00,0xF8,0xFF,0x03,0x00,0x00,0xFC,0xFF,0x07,0x00,0x00,0xFE,0xFF,0x0F,0x00,0x00,0xFE,0xFF,0x0F,0x00,0x00,0x7F,0xC0,0x1F,0x00,0x00,0x1F,0x00,0x1F,0x00,0x80,0x0F,0x00,0x3E,0x00,0x80,0x0F,0x00,0x3E,0x00,0x80,0x07,0x00,0x3C,0x00,0x80,0x07,0x00,0x3C,0x00,0x80,0x07,0x1E,0x3C,0x00,0x80,0x07,0x1E,0x3C,0x00,0x80,0x07,0x1E,0x3C,0x00,0x80,0x07,0x1E,0x3C,0x00,0x80,0x07,0xFE,0x3F,0x00,0x00,0x0F,0xFE,0x1F,0x00,0x00,0x0F,0xFE,0x1F,0x00,0x00,0x0F,0xFE,0x1F,0x00,0x00,0x1F,0xFE,0x1F,0x00,0x00,0x00,0xFE,0x0F, // 71
  0x00,0x00,0x00,0x00,0x00,0x00,0x00,0x00,0x00,0x00,0x00,0x00,0x00,0x00,0x00,0x80,0xFF,0xFF,0x3F,0x00,0x80,0xFF,0xFF,0x3F,0x00,0x80,0xFF,0xFF,0x3F,0x00,0x80,0xFF,0xFF,0x3F,0x00,0x80,0xFF,0xFF,0x3F,0x00,0x80,0xFF,0xFF,0x3F,0x00,0x00,0x00,0x0F,0x00,0x00,0x00,0x00,0x0F,0x00,0x00,0x00,0x00,0x0F,0x00,0x00,0x00,0x00,0x0F,0x00,0x00,0x00,0x00,0x0F,0x00,0x00,0x00,0x00,0x0F,0x00,0x00,0x00,0x00,0x0F,0x00,0x00,0x00,0x00,0x0F,0x00,0x00,0x00,0x00,0x0F,0x00,0x00,0x80,0xFF,0xFF,0x3F,0x00,0x80,0xFF,0xFF,0x3F,0x00,0x80,0xFF,0xFF,0x3F,0x00,0x80,0xFF,0xFF,0x3F,0x00,0x80,0xFF,0xFF,0x3F,0x00,0x80,0xFF,0xFF,0x3F, // 72
  0x00,0x00,0x00,0x00,0x00,0x00,0x00,0x00,0x00,0x00,0x00,0x00,0x00,0x00,0x00,0x80,0xFF,0xFF,0x3F,0x00,0x80,0xFF,0xFF,0x3F,0x00,0x80,0xFF,0xFF,0x3F,0x00,0x80,0xFF,0xFF,0x3F,0x00,0x80,0xFF,0xFF,0x3F,0x00,0x80,0xFF,0xFF,0x3F,  // 73
  0x00,0x00,0x00,0x00,0x0F,0x00,0x00,0x00,0x80,0x0F,0x00,0x00,0x00,0xC0,0x0F,0x80,0xFF,0xFF,0xFF,0x0F,0x80,0xFF,0xFF,0xFF,0x07,0x80,0xFF,0xFF,0xFF,0x07,0x80,0xFF,0xFF,0xFF,0x03,0x80,0xFF,0xFF,0xFF,0x01,0x80,0xFF,0xFF,0x7F,  // 74
  0x00,0x00,0x00,0x00,0x00,0x00,0x00,0x00,0x00,0x00,0x00,0x00,0x00,0x00,0x00,0x80,0xFF,0xFF,0x3F,0x00,0x80,0xFF,0xFF,0x3F,0x00,0x80,0xFF,0xFF,0x3F,0x00,0x80,0xFF,0xFF,0x3F,0x00,0x80,0xFF,0xFF,0x3F,0x00,0x80,0xFF,0xFF,0x3F,0x00,0x00,0x80,0x1F,0x00,0x00,0x00,0xC0,0x3F,0x00,0x00,0x00,0xE0,0x7F,0x00,0x00,0x00,0xF0,0xFF,0x00,0x00,0x00,0xF8,0xFF,0x01,0x00,0x00,0xFC,0xF9,0x03,0x00,0x00,0xFE,0xF0,0x07,0x00,0x00,0x7F,0xE0,0x0F,0x00,0x80,0x3F,0xC0,0x1F,0x00,0x80,0x1F,0x80,0x3F,0x00,0x80,0x0F,0x00,0x3F,0x00,0x80,0x07,0x00,0x3E,0x00,0x80,0x03,0x00,0x3C,0x00,0x80,0x01,0x00,0x38,0x00,0x80,0x00,0x00,0x30,0x00,0x00,0x00,0x00,0x20,  // 75
  0x00,0x00,0x00,0x00,0x00,0x00,0x00,0x00,0x00,0x00,0x00,0x00,0x00,0x00,0x00,0x80,0xFF,0xFF,0x3F,0x00,0x80,0xFF,0xFF,0x3F,0x00,0x80,0xFF,0xFF,0x3F,0x00,0x80,0xFF,0xFF,0x3F,0x00,0x80,0xFF,0xFF,0x3F,0x00,0x80,0xFF,0xFF,0x3F,0x00,0x00,0x00,0x00,0x3C,0x00,0x00,0x00,0x00,0x3C,0x00,0x00,0x00,0x00,0x3C,0x00,0x00,0x00,0x00,0x3C,0x00,0x00,0x00,0x00,0x3C,0x00,0x00,0x00,0x00,0x3C,0x00,0x00,0x00,0x00,0x3C,0x00,0x00,0x00,0x00,0x3C,0x00,0x00,0x00,0x00,0x3C,0x00,0x00,0x00,0x00,0x3C,0x00,0x00,0x00,0x00,0x3C, // 76
  0x00,0x00,0x00,0x00,0x00,0x00,0x00,0x00,0x00,0x00,0x00,0x00,0x00,0x00,0x00,0x80,0xFF,0xFF,0x3F,0x00,0x80,0xFF,0xFF,0x3F,0x00,0x80,0xFF,0xFF,0x3F,0x00,0x80,0xFF,0xFF,0x3F,0x00,0x80,0xFF,0xFF,0x3F,0x00,0x80,0xFF,0xFF,0x3F,0x00,0x80,0x7F,0x00,0x00,0x00,0x80,0xFF,0x01,0x00,0x00,0x00,0xFE,0x07,0x00,0x00,0x00,0xF8,0x3F,0x00,0x00,0x00,0xC0,0xFF,0x00,0x00,0x00,0x00,0xFF,0x03,0x00,0x00,0x00,0xF8,0x03,0x00,0x00,0x00,0xF8,0x03,0x00,0x00,0x00,0xFF,0x03,0x00,0x00,0xC0,0xFF,0x00,0x00,0x00,0xF8,0x3F,0x00,0x00,0x00,0xFE,0x07,0x00,0x00,0x80,0xFF,0x01,0x00,0x00,0x80,0x7F,0x00,0x00,0x00,0x80,0xFF,0xFF,0x3F,0x00,0x80,0xFF,0xFF,0x3F,0x00,0x80,0xFF,0xFF,0x3F,0x00,0x80,0xFF,0xFF,0x3F,0x00,0x80,0xFF,0xFF,0x3F,0x00,0x80,0xFF,0xFF,0x3F,  // 77
  0x00,0x00,0x00,0x00,0x00,0x00,0x00,0x00,0x00,0x00,0x00,0x00,0x00,0x00,0x00,0x80,0xFF,0xFF,0x3F,0x00,0x80,0xFF,0xFF,0x3F,0x00,0x80,0xFF,0xFF,0x3F,0x00,0x80,0xFF,0xFF,0x3F,0x00,0x80,0xFF,0xFF,0x3F,0x00,0x80,0xFF,0xFF,0x3F,0x00,0x80,0x7F,0x00,0x00,0x00,0x00,0xFF,0x01,0x00,0x00,0x00,0xFC,0x07,0x00,0x00,0x00,0xF0,0x1F,0x00,0x00,0x00,0xC0,0x7F,0x00,0x00,0x00,0x00,0xFF,0x01,0x00,0x00,0x00,0xFC,0x07,0x00,0x00,0x00,0xF0,0x1F,0x00,0x00,0x00,0xC0,0x3F,0x00,0x80,0xFF,0xFF,0x3F,0x00,0x80,0xFF,0xFF,0x3F,0x00,0x80,0xFF,0xFF,0x3F,0x00,0x80,0xFF,0xFF,0x3F,0x00,0x80,0xFF,0xFF,0x3F,0x00,0x80,0xFF,0xFF,0x3F, // 78
  0x00,0x00,0x00,0x00,0x00,0x00,0x00,0x00,0x00,0x00,0x00,0x80,0x3F,0x00,0x00,0x00,0xF0,0xFF,0x01,0x00,0x00,0xF8,0xFF,0x03,0x00,0x00,0xFC,0xFF,0x07,0x00,0x00,0xFE,0xFF,0x0F,0x00,0x00,0xFF,0xFF,0x1F,0x00,0x00,0x7F,0xC0,0x1F,0x00,0x00,0x1F,0x00,0x1F,0x00,0x80,0x0F,0x00,0x3E,0x00,0x80,0x07,0x00,0x3C,0x00,0x80,0x07,0x00,0x3C,0x00,0x80,0x07,0x00,0x3C,0x00,0x80,0x07,0x00,0x3C,0x00,0x80,0x07,0x00,0x3C,0x00,0x80,0x07,0x00,0x3C,0x00,0x80,0x0F,0x00,0x3E,0x00,0x00,0x1F,0x00,0x1F,0x00,0x00,0x7F,0xC0,0x1F,0x00,0x00,0xFF,0xFF,0x1F,0x00,0x00,0xFE,0xFF,0x0F,0x00,0x00,0xFC,0xFF,0x07,0x00,0x00,0xF8,0xFF,0x03,0x00,0x00,0xF0,0xFF,0x01,0x00,0x00,0x80,0x3F,  // 79
  0x00,0x00,0x00,0x00,0x00,0x00,0x00,0x00,0x00,0x00,0x00,0x00,0x00,0x00,0x00,0x80,0xFF,0xFF,0x3F,0x00,0x80,0xFF,0xFF,0x3F,0x00,0x80,0xFF,0xFF,0x3F,0x00,0x80,0xFF,0xFF,0x3F,0x00,0x80,0xFF,0xFF,0x3F,0x00,0x80,0xFF,0xFF,0x3F,0x00,0x80,0x07,0x3C,0x00,0x00,0x80,0x07,0x3C,0x00,0x00,0x80,0x07,0x3C,0x00,0x00,0x80,0x07,0x3C,0x00,0x00,0x80,0x07,0x3C,0x00,0x00,0x80,0x0F,0x3E,0x00,0x00,0x80,0x1F,0x3F,0x00,0x00,0x80,0xFF,0x3F,0x00,0x00,0x00,0xFF,0x1F,0x00,0x00,0x00,0xFF,0x1F,0x00,0x00,0x00,0xFE,0x0F,0x00,0x00,0x00,0xFC,0x07,0x00,0x00,0x00,0xF0,0x01,  // 80
  0x00,0x00,0x00,0x00,0x00,0x00,0x00,0x00,0x00,0x00,0x00,0x80,0x3F,0x00,0x00,0x00,0xF0,0xFF,0x01,0x00,0x00,0xF8,0xFF,0x03,0x00,0x00,0xFC,0xFF,0x07,0x00,0x00,0xFE,0xFF,0x0F,0x00,0x00,0xFF,0xFF,0x1F,0x00,0x00,0x7F,0xC0,0x1F,0x00,0x00,0x1F,0x00,0x1F,0x00,0x80,0x0F,0x00,0x3E,0x00,0x80,0x07,0x00,0x3C,0x00,0x80,0x07,0x00,0x3C,0x00,0x80,0x07,0x00,0x3C,0x00,0x80,0x07,0x00,0x3C,0x00,0x80,0x07,0x00,0x7C,0x00,0x80,0x07,0x00,0xFC,0x00,0x80,0x0F,0x00,0xFE,0x03,0x00,0x1F,0x00,0xFF,0x07,0x00,0x7F,0xC0,0xFF,0x07,0x00,0xFF,0xFF,0xDF,0x07,0x00,0xFE,0xFF,0x8F,0x07,0x00,0xFC,0xFF,0x07,0x06,0x00,0xF8,0xFF,0x03,0x04,0x00,0xF0,0xFF,0x01,0x00,0x00,0x80,0x3F,  // 81
  0x00,0x00,0x00,0x00,0x00,0x00,0x00,0x00,0x00,0x00,0x00,0x00,0x00,0x00,0x00,0x80,0xFF,0xFF,0x3F,0x00,0x80,0xFF,0xFF,0x3F,0x00,0x80,0xFF,0xFF,0x3F,0x00,0x80,0xFF,0xFF,0x3F,0x00,0x80,0xFF,0xFF,0x3F,0x00,0x80,0xFF,0xFF,0x3F,0x00,0x80,0x07,0x3C,0x00,0x00,0x80,0x07,0x3C,0x00,0x00,0x80,0x07,0x3C,0x00,0x00,0x80,0x07,0x3C,0x00,0x00,0x80,0x07,0x7C,0x00,0x00,0x80,0x0F,0xFE,0x01,0x00,0x80,0xFF,0xFF,0x07,0x00,0x00,0xFF,0xFF,0x1F,0x00,0x00,0xFF,0xFF,0x3F,0x00,0x00,0xFF,0xE7,0x3F,0x00,0x00,0xFE,0xC3,0x3F,0x00,0x00,0xF8,0x01,0x3F,0x00,0x00,0x00,0x00,0x3E,0x00,0x00,0x00,0x00,0x38,0x00,0x00,0x00,0x00,0x20, // 82
  0x00,0x00,0x00,0x00,0x00,0x00,0x00,0x00,0x00,0x00,0x00,0xF8,0x01,0x1F,0x00,0x00,0xFE,0x03,0x1E,0x00,0x00,0xFE,0x07,0x1E,0x00,0x00,0xFF,0x0F,0x1E,0x00,0x00,0xFF,0x0F,0x3C,0x00,0x80,0xFF,0x0F,0x3C,0x00,0x80,0x8F,0x1F,0x3C,0x00,0x80,0x07,0x1F,0x3C,0x00,0x80,0x07,0x1F,0x3C,0x00,0x80,0x07,0x1F,0x3C,0x00,0x80,0x07,0x3F,0x3C,0x00,0x80,0x07,0x3E,0x3E,0x00,0x80,0x07,0xFE,0x3F,0x00,0x00,0x0F,0xFE,0x1F,0x00,0x00,0x0F,0xFC,0x1F,0x00,0x00,0x1F,0xFC,0x0F,0x00,0x00,0x00,0xF8,0x0F,0x00,0x00,0x00,0xF0,0x03, // 83
  0x80,0x07,0x00,0x00,0x00,0x80,0x07,0x00,0x00,0x00,0x80,0x07,0x00,0x00,0x00,0x80,0x07,0x00,0x00,0x00,0x80,0x07,0x00,0x00,0x00,0x80,0x07,0x00,0x00,0x00,0x80,0x07,0x00,0x00,0x00,0x80,0x07,0x00,0x00,0x00,0x80,0xFF,0xFF,0x3F,0x00,0x80,0xFF,0xFF,0x3F,0x00,0x80,0xFF,0xFF,0x3F,0x00,0x80,0xFF,0xFF,0x3F,0x00,0x80,0xFF,0xFF,0x3F,0x00,0x80,0xFF,0xFF,0x3F,0x00,0x80,0x07,0x00,0x00,0x00,0x80,0x07,0x00,0x00,0x00,0x80,0x07,0x00,0x00,0x00,0x80,0x07,0x00,0x00,0x00,0x80,0x07,0x00,0x00,0x00,0x80,0x07,0x00,0x00,0x00,0x80,0x07,0x00,0x00,0x00,0x80,0x07, // 84
  0x00,0x00,0x00,0x00,0x00,0x00,0x00,0x00,0x00,0x00,0x00,0x00,0x00,0x00,0x00,0x80,0xFF,0xFF,0x00,0x00,0x80,0xFF,0xFF,0x07,0x00,0x80,0xFF,0xFF,0x0F,0x00,0x80,0xFF,0xFF,0x0F,0x00,0x80,0xFF,0xFF,0x1F,0x00,0x80,0xFF,0xFF,0x1F,0x00,0x00,0x00,0x00,0x3F,0x00,0x00,0x00,0x00,0x3E,0x00,0x00,0x00,0x00,0x3C,0x00,0x00,0x00,0x00,0x3C,0x00,0x00,0x00,0x00,0x3C,0x00,0x00,0x00,0x00,0x3C,0x00,0x00,0x00,0x00,0x3E,0x00,0x00,0x00,0x00,0x3F,0x00,0x80,0xFF,0xFF,0x1F,0x00,0x80,0xFF,0xFF,0x1F,0x00,0x80,0xFF,0xFF,0x0F,0x00,0x80,0xFF,0xFF,0x0F,0x00,0x80,0xFF,0xFF,0x07,0x00,0x80,0xFF,0xFF, // 85
  0x80,0x00,0x00,0x00,0x00,0x80,0x07,0x00,0x00,0x00,0x80,0x3F,0x00,0x00,0x00,0x80,0xFF,0x00,0x00,0x00,0x80,0xFF,0x07,0x00,0x00,0x80,0xFF,0x3F,0x00,0x00,0x80,0xFF,0xFF,0x01,0x00,0x00,0xFC,0xFF,0x07,0x00,0x00,0xE0,0xFF,0x3F,0x00,0x00,0x80,0xFF,0x3F,0x00,0x00,0x00,0xFC,0x3F,0x00,0x00,0x00,0xE0,0x3F,0x00,0x00,0x00,0xE0,0x3F,0x00,0x00,0x00,0xFC,0x3F,0x00,0x00,0x80,0xFF,0x3F,0x00,0x00,0xE0,0xFF,0x3F,0x00,0x00,0xFC,0xFF,0x07,0x00,0x80,0xFF,0xFF,0x01,0x00,0x80,0xFF,0x3F,0x00,0x00,0x80,0xFF,0x07,0x00,0x00,0x80,0xFF,0x01,0x00,0x00,0x80,0x3F,0x00,0x00,0x00,0x80,0x07,0x00,0x00,0x00,0x80,  // 86
  0x00,0x00,0x00,0x00,0x00,0x80,0x01,0x00,0x00,0x00,0x80,0x1F,0x00,0x00,0x00,0x80,0xFF,0x03,0x00,0x00,0x80,0xFF,0x3F,0x00,0x00,0x80,0xFF,0xFF,0x03,0x00,0x80,0xFF,0xFF,0x3F,0x00,0x00,0xFF,0xFF,0x3F,0x00,0x00,0xE0,0xFF,0x3F,0x00,0x00,0x00,0xFE,0x3F,0x00,0x00,0x00,0xE0,0x3F,0x00,0x00,0x00,0xF0,0x3F,0x00,0x00,0x00,0xFF,0x3F,0x00,0x00,0xF0,0xFF,0x1F,0x00,0x00,0xFF,0xFF,0x01,0x00,0x80,0xFF,0x1F,0x00,0x00,0x80,0xFF,0x01,0x00,0x00,0x80,0x0F,0x00,0x00,0x00,0x80,0xFF,0x00,0x00,0x00,0x80,0xFF,0x1F,0x00,0x00,0x80,0xFF,0xFF,0x01,0x00,0x00,0xF0,0xFF,0x1F,0x00,0x00,0x00,0xFF,0x3F,0x00,0x00,0x00,0xF0,0x3F,0x00,0x00,0x00,0xE0,0x3F,0x00,0x00,0x00,0xFE,0x3F,0x00,0x00,0xE0,0xFF,0x3F,0x00,0x00,0xFF,0xFF,0x3F,0x00,0x80,0xFF,0xFF,0x3F,0x00,0x80,0xFF,0xFF,0x03,0x00,0x80,0xFF,0x3F,0x00,0x00,0x80,0xFF,0x03,0x00,0x00,0x80,0x1F,0x00,0x00,0x00,0x80,0x01, // 87
  0x00,0x00,0x00,0x00,0x00,0x80,0x00,0x00,0x20,0x00,0x80,0x01,0x00,0x30,0x00,0x80,0x07,0x00,0x3C,0x00,0x80,0x0F,0x00,0x3E,0x00,0x80,0x1F,0x80,0x3F,0x00,0x80,0x7F,0xC0,0x3F,0x00,0x80,0xFF,0xF0,0x3F,0x00,0x80,0xFF,0xFB,0x3F,0x00,0x00,0xFE,0xFF,0x0F,0x00,0x00,0xFC,0xFF,0x07,0x00,0x00,0xF0,0xFF,0x01,0x00,0x00,0xE0,0xFF,0x00,0x00,0x00,0xF0,0xFF,0x01,0x00,0x00,0xFC,0xFF,0x07,0x00,0x00,0xFE,0xFF,0x0F,0x00,0x80,0xFF,0xFB,0x3F,0x00,0x80,0xFF,0xF0,0x3F,0x00,0x80,0x7F,0xC0,0x3F,0x00,0x80,0x1F,0x80,0x3F,0x00,0x80,0x0F,0x00,0x3E,0x00,0x80,0x07,0x00,0x3C,0x00,0x80,0x01,0x00,0x30,0x00,0x80,0x00,0x00,0x20, // 88
  0x80,0x00,0x00,0x00,0x00,0x80,0x01,0x00,0x00,0x00,0x80,0x07,0x00,0x00,0x00,0x80,0x0F,0x00,0x00,0x00,0x80,0x3F,0x00,0x00,0x00,0x80,0x7F,0x00,0x00,0x00,0x80,0xFF,0x01,0x00,0x00,0x80,0xFF,0x03,0x00,0x00,0x00,0xFE,0x0F,0x00,0x00,0x00,0xFC,0xFF,0x3F,0x00,0x00,0xF0,0xFF,0x3F,0x00,0x00,0xE0,0xFF,0x3F,0x00,0x00,0xE0,0xFF,0x3F,0x00,0x00,0xF0,0xFF,0x3F,0x00,0x00,0xFC,0xFF,0x3F,0x00,0x00,0xFE,0x0F,0x00,0x00,0x80,0xFF,0x03,0x00,0x00,0x80,0xFF,0x01,0x00,0x00,0x80,0x7F,0x00,0x00,0x00,0x80,0x3F,0x00,0x00,0x00,0x80,0x0F,0x00,0x00,0x00,0x80,0x07,0x00,0x00,0x00,0x80,0x01,  // 89
  0x00,0x00,0x00,0x00,0x00,0x80,0x07,0x00,0x3C,0x00,0x80,0x07,0x00,0x3F,0x00,0x80,0x07,0x80,0x3F,0x00,0x80,0x07,0xC0,0x3F,0x00,0x80,0x07,0xE0,0x3F,0x00,0x80,0x07,0xF8,0x3F,0x00,0x80,0x07,0xFC,0x3F,0x00,0x80,0x07,0xFE,0x3F,0x00,0x80,0x87,0xFF,0x3D,0x00,0x80,0xC7,0xFF,0x3C,0x00,0x80,0xE7,0x7F,0x3C,0x00,0x80,0xF7,0x1F,0x3C,0x00,0x80,0xFF,0x0F,0x3C,0x00,0x80,0xFF,0x07,0x3C,0x00,0x80,0xFF,0x03,0x3C,0x00,0x80,0xFF,0x00,0x3C,0x00,0x80,0x7F,0x00,0x3C,0x00,0x80,0x3F,0x00,0x3C,0x00,0x80,0x1F,0x00,0x3C,0x00,0x80,0x07,0x00,0x3C,  // 90
  0x00,0x00,0x00,0x00,0x00,0x00,0x00,0x00,0x00,0x00,0x00,0x00,0x00,0x00,0x00,0xC0,0xFF,0xFF,0xFF,0x07,0xC0,0xFF,0xFF,0xFF,0x07,0xC0,0xFF,0xFF,0xFF,0x07,0xC0,0xFF,0xFF,0xFF,0x07,0xC0,0xFF,0xFF,0xFF,0x07,0xC0,0x03,0x00,0x80,0x07,0xC0,0x03,0x00,0x80,0x07,0xC0,0x03,0x00,0x80,0x07,0xC0,0x03,0x00,0x80,0x07,  // 91
  0x80,0x01,0x00,0x00,0x00,0x80,0x0F,0x00,0x00,0x00,0x80,0x7F,0x00,0x00,0x00,0x80,0xFF,0x03,0x00,0x00,0x00,0xFC,0x1F,0x00,0x00,0x00,0xE0,0xFF,0x00,0x00,0x00,0x00,0xFF,0x07,0x00,0x00,0x00,0xF8,0x3F,0x00,0x00,0x00,0xC0,0xFF,0x01,0x00,0x00,0x00,0xFE,0x01,0x00,0x00,0x00,0xF0,0x01,0x00,0x00,0x00,0x80,0x01,  // 92
  0x00,0x00,0x00,0x00,0x00,0x00,0x00,0x00,0x00,0x00,0x00,0x00,0x00,0x00,0x00,0xC0,0x03,0x00,0x80,0x07,0xC0,0x03,0x00,0x80,0x07,0xC0,0x03,0x00,0x80,0x07,0xC0,0x03,0x00,0x80,0x07,0xC0,0xFF,0xFF,0xFF,0x07,0xC0,0xFF,0xFF,0xFF,0x07,0xC0,0xFF,0xFF,0xFF,0x07,0xC0,0xFF,0xFF,0xFF,0x07,0xC0,0xFF,0xFF,0xFF,0x07,  // 93
  0x00,0x00,0x00,0x00,0x00,0x00,0x00,0x00,0x00,0x00,0x00,0x00,0x00,0x00,0x00,0x00,0x80,0x00,0x00,0x00,0x00,0xC0,0x00,0x00,0x00,0x00,0xE0,0x00,0x00,0x00,0x00,0xF0,0x00,0x00,0x00,0x00,0x78,0x00,0x00,0x00,0x00,0x7C,0x00,0x00,0x00,0x00,0x3E,0x00,0x00,0x00,0x00,0x1F,0x00,0x00,0x00,0x80,0x0F,0x00,0x00,0x00,0x80,0x0F,0x00,0x00,0x00,0x80,0x0F,0x00,0x00,0x00,0x80,0x0F,0x00,0x00,0x00,0x00,0x1F,0x00,0x00,0x00,0x00,0x3E,0x00,0x00,0x00,0x00,0x7C,0x00,0x00,0x00,0x00,0x78,0x00,0x00,0x00,0x00,0xF0,0x00,0x00,0x00,0x00,0xE0,0x00,0x00,0x00,0x00,0xC0,0x00,0x00,0x00,0x00,0x80,  // 94
  0x00,0x00,0x00,0x00,0x38,0x00,0x00,0x00,0x00,0x38,0x00,0x00,0x00,0x00,0x38,0x00,0x00,0x00,0x00,0x38,0x00,0x00,0x00,0x00,0x38,0x00,0x00,0x00,0x00,0x38,0x00,0x00,0x00,0x00,0x38,0x00,0x00,0x00,0x00,0x38,0x00,0x00,0x00,0x00,0x38,0x00,0x00,0x00,0x00,0x38,0x00,0x00,0x00,0x00,0x38,0x00,0x00,0x00,0x00,0x38,0x00,0x00,0x00,0x00,0x38,0x00,0x00,0x00,0x00,0x38,0x00,0x00,0x00,0x00,0x38,0x00,0x00,0x00,0x00,0x38,  // 95
  0x00,0x00,0x00,0x00,0x00,0x10,0x00,0x00,0x00,0x00,0x30,0x00,0x00,0x00,0x00,0x70,0x00,0x00,0x00,0x00,0xF0,0x00,0x00,0x00,0x00,0xF0,0x01,0x00,0x00,0x00,0xE0,0x03,0x00,0x00,0x00,0x80,0x03,0x00,0x00,0x00,0x00,0x03,0x00,0x00,0x00,0x00,0x02, // 96
  0x00,0x00,0x00,0x00,0x00,0x00,0x00,0xC0,0x07,0x00,0x00,0x00,0xE0,0x0F,0x00,0x00,0xE0,0xF1,0x1F,0x00,0x00,0xE0,0xF1,0x3F,0x00,0x00,0xF0,0xF8,0x3F,0x00,0x00,0xF0,0xF8,0x3F,0x00,0x00,0xF0,0x78,0x3E,0x00,0x00,0xF0,0x38,0x3C,0x00,0x00,0xF0,0x38,0x3C,0x00,0x00,0xF0,0x38,0x1C,0x00,0x00,0xF0,0x38,0x1E,0x00,0x00,0xF0,0x39,0x0F,0x00,0x00,0xF0,0xFF,0x3F,0x00,0x00,0xE0,0xFF,0x3F,0x00,0x00,0xE0,0xFF,0x3F,0x00,0x00,0xC0,0xFF,0x3F,0x00,0x00,0x80,0xFF,0x3F,0x00,0x00,0x00,0xFE,0x3F,  // 97
  0x00,0x00,0x00,0x00,0x00,0x00,0x00,0x00,0x00,0x00,0x00,0x00,0x00,0x00,0x00,0xC0,0xFF,0xFF,0x3F,0x00,0xC0,0xFF,0xFF,0x3F,0x00,0xC0,0xFF,0xFF,0x3F,0x00,0xC0,0xFF,0xFF,0x3F,0x00,0xC0,0xFF,0xFF,0x3F,0x00,0xC0,0xFF,0xFF,0x3F,0x00,0x00,0xC0,0x03,0x0F,0x00,0x00,0xE0,0x01,0x1E,0x00,0x00,0xE0,0x00,0x1C,0x00,0x00,0xF0,0x00,0x3C,0x00,0x00,0xF0,0x00,0x3C,0x00,0x00,0xF0,0x01,0x3E,0x00,0x00,0xF0,0x03,0x3F,0x00,0x00,0xF0,0xFF,0x3F,0x00,0x00,0xE0,0xFF,0x1F,0x00,0x00,0xE0,0xFF,0x1F,0x00,0x00,0xC0,0xFF,0x0F,0x00,0x00,0x80,0xFF,0x07,0x00,0x00,0x00,0xFE,0x01, // 98
  0x00,0x00,0x00,0x00,0x00,0x00,0x00,0xFC,0x00,0x00,0x00,0x00,0xFF,0x03,0x00,0x00,0xC0,0xFF,0x0F,0x00,0x00,0xC0,0xFF,0x0F,0x00,0x00,0xE0,0xFF,0x1F,0x00,0x00,0xE0,0xFF,0x1F,0x00,0x00,0xF0,0x03,0x3F,0x00,0x00,0xF0,0x01,0x3E,0x00,0x00,0xF0,0x00,0x3C,0x00,0x00,0xF0,0x00,0x3C,0x00,0x00,0xF0,0x00,0x3C,0x00,0x00,0xF0,0x00,0x3C,0x00,0x00,0xF0,0x00,0x3C,0x00,0x00,0xE0,0x01,0x1E,0x00,0x00,0xE0,0x03,0x1F, // 99
  0x00,0x00,0x00,0x00,0x00,0x00,0x00,0xFE,0x01,0x00,0x00,0x80,0xFF,0x07,0x00,0x00,0xC0,0xFF,0x0F,0x00,0x00,0xE0,0xFF,0x1F,0x00,0x00,0xE0,0xFF,0x1F,0x00,0x00,0xF0,0xFF,0x3F,0x00,0x00,0xF0,0x03,0x3F,0x00,0x00,0xF0,0x01,0x3E,0x00,0x00,0xF0,0x00,0x3C,0x00,0x00,0xF0,0x00,0x3C,0x00,0x00,0xE0,0x00,0x1C,0x00,0x00,0xE0,0x01,0x1E,0x00,0x00,0xC0,0x03,0x0F,0x00,0xC0,0xFF,0xFF,0x3F,0x00,0xC0,0xFF,0xFF,0x3F,0x00,0xC0,0xFF,0xFF,0x3F,0x00,0xC0,0xFF,0xFF,0x3F,0x00,0xC0,0xFF,0xFF,0x3F,0x00,0xC0,0xFF,0xFF,0x3F, // 100
  0x00,0x00,0x00,0x00,0x00,0x00,0x00,0xFC,0x00,0x00,0x00,0x00,0xFF,0x03,0x00,0x00,0x80,0xFF,0x0F,0x00,0x00,0xC0,0xFF,0x0F,0x00,0x00,0xE0,0xFF,0x1F,0x00,0x00,0xE0,0xFF,0x1F,0x00,0x00,0xF0,0x73,0x3F,0x00,0x00,0xF0,0x71,0x3E,0x00,0x00,0xF0,0x70,0x3C,0x00,0x00,0xF0,0x70,0x3C,0x00,0x00,0xF0,0x70,0x3C,0x00,0x00,0xF0,0x71,0x3C,0x00,0x00,0xF0,0x73,0x3C,0x00,0x00,0xE0,0x7F,0x3C,0x00,0x00,0xE0,0x7F,0x1E,0x00,0x00,0xC0,0x7F,0x1E,0x00,0x00,0x80,0x7F,0x1E,0x00,0x00,0x00,0x7F,0x0F,0x00,0x00,0x00,0x7C,  // 101
  0x00,0xF0,0x00,0x00,0x00,0x00,0xF0,0x00,0x00,0x00,0x00,0xF0,0x00,0x00,0x00,0x00,0xFE,0xFF,0x3F,0x00,0x80,0xFF,0xFF,0x3F,0x00,0x80,0xFF,0xFF,0x3F,0x00,0xC0,0xFF,0xFF,0x3F,0x00,0xC0,0xFF,0xFF,0x3F,0x00,0xC0,0xFF,0xFF,0x3F,0x00,0xC0,0xF3,0x00,0x00,0x00,0xC0,0xF3,0x00,0x00,0x00,0xC0,0xF3,0x00,0x00,0x00,0xC0,0xF3,0x00,0x00,0x00,0xC0,0xF3, // 102
  0x00,0x00,0x00,0x00,0x00,0x00,0x00,0xFE,0x01,0x00,0x00,0x80,0xFF,0x07,0x00,0x00,0xC0,0xFF,0x8F,0x07,0x00,0xE0,0xFF,0x1F,0x0F,0x00,0xE0,0xFF,0x1F,0x0F,0x00,0xF0,0xFF,0x3F,0x1E,0x00,0xF0,0x03,0x3F,0x1E,0x00,0xF0,0x01,0x3E,0x1E,0x00,0xF0,0x00,0x3C,0x1E,0x00,0xF0,0x00,0x3C,0x1E,0x00,0xE0,0x00,0x1C,0x1E,0x00,0xE0,0x01,0x1E,0x1F,0x00,0xC0,0x03,0x8F,0x1F,0x00,0xF0,0xFF,0xFF,0x0F,0x00,0xF0,0xFF,0xFF,0x0F,0x00,0xF0,0xFF,0xFF,0x07,0x00,0xF0,0xFF,0xFF,0x07,0x00,0xF0,0xFF,0xFF,0x01,0x00,0xF0,0xFF,0xFF, // 103
  0x00,0x00,0x00,0x00,0x00,0x00,0x00,0x00,0x00,0x00,0x00,0x00,0x00,0x00,0x00,0xC0,0xFF,0xFF,0x3F,0x00,0xC0,0xFF,0xFF,0x3F,0x00,0xC0,0xFF,0xFF,0x3F,0x00,0xC0,0xFF,0xFF,0x3F,0x00,0xC0,0xFF,0xFF,0x3F,0x00,0xC0,0xFF,0xFF,0x3F,0x00,0x00,0xC0,0x03,0x00,0x00,0x00,0xE0,0x01,0x00,0x00,0x00,0xE0,0x00,0x00,0x00,0x00,0xF0,0x00,0x00,0x00,0x00,0xF0,0x00,0x00,0x00,0x00,0xF0,0x01,0x00,0x00,0x00,0xF0,0xFF,0x3F,0x00,0x00,0xF0,0xFF,0x3F,0x00,0x00,0xF0,0xFF,0x3F,0x00,0x00,0xE0,0xFF,0x3F,0x00,0x00,0xC0,0xFF,0x3F,0x00,0x00,0x00,0xFF,0x3F,  // 104
  0x00,0x00,0x00,0x00,0x00,0x00,0x00,0x00,0x00,0x00,0x00,0x00,0x00,0x00,0x00,0xC0,0xF3,0xFF,0x3F,0x00,0xC0,0xF3,0xFF,0x3F,0x00,0xC0,0xF3,0xFF,0x3F,0x00,0xC0,0xF3,0xFF,0x3F,0x00,0xC0,0xF3,0xFF,0x3F,0x00,0xC0,0xF3,0xFF,0x3F,  // 105
  0x00,0x00,0x00,0x00,0x1E,0x00,0x00,0x00,0x00,0x1E,0x00,0x00,0x00,0x00,0x1F,0xC0,0xF3,0xFF,0xFF,0x1F,0xC0,0xF3,0xFF,0xFF,0x1F,0xC0,0xF3,0xFF,0xFF,0x0F,0xC0,0xF3,0xFF,0xFF,0x0F,0xC0,0xF3,0xFF,0xFF,0x07,0xC0,0xF3,0xFF,0xFF,0x01, // 106
  0x00,0x00,0x00,0x00,0x00,0x00,0x00,0x00,0x00,0x00,0x00,0x00,0x00,0x00,0x00,0xC0,0xFF,0xFF,0x3F,0x00,0xC0,0xFF,0xFF,0x3F,0x00,0xC0,0xFF,0xFF,0x3F,0x00,0xC0,0xFF,0xFF,0x3F,0x00,0xC0,0xFF,0xFF,0x3F,0x00,0xC0,0xFF,0xFF,0x3F,0x00,0x00,0x00,0x7C,0x00,0x00,0x00,0x00,0xFE,0x00,0x00,0x00,0x00,0xFF,0x01,0x00,0x00,0x80,0xFF,0x07,0x00,0x00,0xC0,0xEF,0x0F,0x00,0x00,0xF0,0xC7,0x1F,0x00,0x00,0xF0,0x83,0x3F,0x00,0x00,0xF0,0x01,0x3F,0x00,0x00,0xF0,0x00,0x3E,0x00,0x00,0x70,0x00,0x3C,0x00,0x00,0x30,0x00,0x38,0x00,0x00,0x10,0x00,0x30,  // 107
  0x00,0x00,0x00,0x00,0x00,0x00,0x00,0x00,0x00,0x00,0x00,0x00,0x00,0x00,0x00,0xC0,0xFF,0xFF,0x3F,0x00,0xC0,0xFF,0xFF,0x3F,0x00,0xC0,0xFF,0xFF,0x3F,0x00,0xC0,0xFF,0xFF,0x3F,0x00,0xC0,0xFF,0xFF,0x3F,0x00,0xC0,0xFF,0xFF,0x3F,  // 108
  0x00,0x00,0x00,0x00,0x00,0x00,0x00,0x00,0x00,0x00,0x00,0x00,0x00,0x00,0x00,0x00,0xF0,0xFF,0x3F,0x00,0x00,0xF0,0xFF,0x3F,0x00,0x00,0xF0,0xFF,0x3F,0x00,0x00,0xF0,0xFF,0x3F,0x00,0x00,0xF0,0xFF,0x3F,0x00,0x00,0xF0,0xFF,0x3F,0x00,0x00,0xC0,0x03,0x00,0x00,0x00,0xE0,0x01,0x00,0x00,0x00,0xE0,0x00,0x00,0x00,0x00,0xF0,0x00,0x00,0x00,0x00,0xF0,0x01,0x00,0x00,0x00,0xF0,0xFF,0x3F,0x00,0x00,0xF0,0xFF,0x3F,0x00,0x00,0xF0,0xFF,0x3F,0x00,0x00,0xE0,0xFF,0x3F,0x00,0x00,0xC0,0xFF,0x3F,0x00,0x00,0x80,0xFF,0x3F,0x00,0x00,0xC0,0x03,0x00,0x00,0x00,0xE0,0x01,0x00,0x00,0x00,0xF0,0x00,0x00,0x00,0x00,0xF0,0x00,0x00,0x00,0x00,0xF0,0x01,0x00,0x00,0x00,0xF0,0xFF,0x3F,0x00,0x00,0xF0,0xFF,0x3F,0x00,0x00,0xF0,0xFF,0x3F,0x00,0x00,0xE0,0xFF,0x3F,0x00,0x00,0xC0,0xFF,0x3F,0x00,0x00,0x00,0xFF,0x3F,  // 109
  0x00,0x00,0x00,0x00,0x00,0x00,0x00,0x00,0x00,0x00,0x00,0x00,0x00,0x00,0x00,0x00,0xF0,0xFF,0x3F,0x00,0x00,0xF0,0xFF,0x3F,0x00,0x00,0xF0,0xFF,0x3F,0x00,0x00,0xF0,0xFF,0x3F,0x00,0x00,0xF0,0xFF,0x3F,0x00,0x00,0xF0,0xFF,0x3F,0x00,0x00,0xC0,0x03,0x00,0x00,0x00,0xE0,0x01,0x00,0x00,0x00,0xE0,0x00,0x00,0x00,0x00,0xF0,0x00,0x00,0x00,0x00,0xF0,0x00,0x00,0x00,0x00,0xF0,0x01,0x00,0x00,0x00,0xF0,0xFF,0x3F,0x00,0x00,0xF0,0xFF,0x3F,0x00,0x00,0xF0,0xFF,0x3F,0x00,0x00,0xE0,0xFF,0x3F,0x00,0x00,0xC0,0xFF,0x3F,0x00,0x00,0x00,0xFF,0x3F,  // 110
  0x00,0x00,0x00,0x00,0x00,0x00,0x00,0xFC,0x00,0x00,0x00,0x00,0xFF,0x03,0x00,0x00,0xC0,0xFF,0x0F,0x00,0x00,0xC0,0xFF,0x0F,0x00,0x00,0xE0,0xFF,0x1F,0x00,0x00,0xE0,0xFF,0x1F,0x00,0x00,0xF0,0x03,0x3F,0x00,0x00,0xF0,0x01,0x3E,0x00,0x00,0xF0,0x00,0x3C,0x00,0x00,0xF0,0x00,0x3C,0x00,0x00,0xF0,0x00,0x3C,0x00,0x00,0xF0,0x01,0x3E,0x00,0x00,0xF0,0x03,0x3F,0x00,0x00,0xE0,0xFF,0x1F,0x00,0x00,0xE0,0xFF,0x1F,0x00,0x00,0xC0,0xFF,0x0F,0x00,0x00,0xC0,0xFF,0x0F,0x00,0x00,0x00,0xFF,0x03,0x00,0x00,0x00,0xFC,  // 111
  0x00,0x00,0x00,0x00,0x00,0x00,0x00,0x00,0x00,0x00,0x00,0x00,0x00,0x00,0x00,0x00,0xF0,0xFF,0xFF,0x1F,0x00,0xF0,0xFF,0xFF,0x1F,0x00,0xF0,0xFF,0xFF,0x1F,0x00,0xF0,0xFF,0xFF,0x1F,0x00,0xF0,0xFF,0xFF,0x1F,0x00,0xF0,0xFF,0xFF,0x1F,0x00,0xC0,0x03,0x0F,0x00,0x00,0xE0,0x01,0x1E,0x00,0x00,0xE0,0x00,0x1C,0x00,0x00,0xF0,0x00,0x3C,0x00,0x00,0xF0,0x00,0x3C,0x00,0x00,0xF0,0x01,0x3E,0x00,0x00,0xF0,0x03,0x3F,0x00,0x00,0xF0,0xFF,0x3F,0x00,0x00,0xE0,0xFF,0x1F,0x00,0x00,0xE0,0xFF,0x1F,0x00,0x00,0xC0,0xFF,0x0F,0x00,0x00,0x80,0xFF,0x07,0x00,0x00,0x00,0xFE,0x01, // 112
  0x00,0x00,0x00,0x00,0x00,0x00,0x00,0xFE,0x01,0x00,0x00,0x80,0xFF,0x07,0x00,0x00,0xC0,0xFF,0x0F,0x00,0x00,0xE0,0xFF,0x1F,0x00,0x00,0xE0,0xFF,0x1F,0x00,0x00,0xF0,0xFF,0x3F,0x00,0x00,0xF0,0x03,0x3F,0x00,0x00,0xF0,0x01,0x3E,0x00,0x00,0xF0,0x00,0x3C,0x00,0x00,0xF0,0x00,0x3C,0x00,0x00,0xE0,0x00,0x1C,0x00,0x00,0xE0,0x01,0x1E,0x00,0x00,0xC0,0x03,0x0F,0x00,0x00,0xF0,0xFF,0xFF,0x1F,0x00,0xF0,0xFF,0xFF,0x1F,0x00,0xF0,0xFF,0xFF,0x1F,0x00,0xF0,0xFF,0xFF,0x1F,0x00,0xF0,0xFF,0xFF,0x1F,0x00,0xF0,0xFF,0xFF,0x1F,  // 113
  0x00,0x00,0x00,0x00,0x00,0x00,0x00,0x00,0x00,0x00,0x00,0x00,0x00,0x00,0x00,0x00,0xF0,0xFF,0x3F,0x00,0x00,0xF0,0xFF,0x3F,0x00,0x00,0xF0,0xFF,0x3F,0x00,0x00,0xF0,0xFF,0x3F,0x00,0x00,0xF0,0xFF,0x3F,0x00,0x00,0xF0,0xFF,0x3F,0x00,0x00,0xC0,0x07,0x00,0x00,0x00,0xE0,0x01,0x00,0x00,0x00,0xE0,0x00,0x00,0x00,0x00,0xF0,0x00,0x00,0x00,0x00,0xF0,0x00,0x00,0x00,0x00,0xF0,0x00,0x00,0x00,0x00,0xF0,0x01,  // 114
  0x00,0x00,0x00,0x00,0x00,0x00,0x00,0x00,0x00,0x00,0x00,0x80,0x0F,0x0F,0x00,0x00,0xC0,0x1F,0x1E,0x00,0x00,0xE0,0x1F,0x1E,0x00,0x00,0xE0,0x3F,0x1E,0x00,0x00,0xF0,0x3F,0x3C,0x00,0x00,0xF0,0x3C,0x3C,0x00,0x00,0xF0,0x3C,0x3C,0x00,0x00,0xF0,0x7C,0x3C,0x00,0x00,0xF0,0x78,0x3C,0x00,0x00,0xF0,0x78,0x3C,0x00,0x00,0xF0,0x78,0x3E,0x00,0x00,0xE0,0xF9,0x3F,0x00,0x00,0xE0,0xF9,0x1F,0x00,0x00,0xE0,0xF1,0x1F,0x00,0x00,0xC0,0xF3,0x0F,0x00,0x00,0x00,0xC0,0x07, // 115
  0x00,0xF0,0x00,0x00,0x00,0x00,0xF0,0x00,0x00,0x00,0x00,0xF0,0x00,0x00,0x00,0x00,0xFF,0xFF,0x07,0x00,0x00,0xFF,0xFF,0x1F,0x00,0x00,0xFF,0xFF,0x1F,0x00,0x00,0xFF,0xFF,0x3F,0x00,0x00,0xFF,0xFF,0x3F,0x00,0x00,0xFF,0xFF,0x3F,0x00,0x00,0xF0,0x00,0x3C,0x00,0x00,0xF0,0x00,0x3C,0x00,0x00,0xF0,0x00,0x3C,0x00,0x00,0xF0,0x00,0x3C,0x00,0x00,0xF0,0x00,0x3C,0x00,0x00,0xF0,  // 116
  0x00,0x00,0x00,0x00,0x00,0x00,0x00,0x00,0x00,0x00,0x00,0x00,0x00,0x00,0x00,0x00,0xF0,0xFF,0x03,0x00,0x00,0xF0,0xFF,0x0F,0x00,0x00,0xF0,0xFF,0x1F,0x00,0x00,0xF0,0xFF,0x3F,0x00,0x00,0xF0,0xFF,0x3F,0x00,0x00,0xF0,0xFF,0x3F,0x00,0x00,0x00,0x00,0x3E,0x00,0x00,0x00,0x00,0x3C,0x00,0x00,0x00,0x00,0x3C,0x00,0x00,0x00,0x00,0x1C,0x00,0x00,0x00,0x00,0x1E,0x00,0x00,0x00,0x00,0x0F,0x00,0x00,0xF0,0xFF,0x3F,0x00,0x00,0xF0,0xFF,0x3F,0x00,0x00,0xF0,0xFF,0x3F,0x00,0x00,0xF0,0xFF,0x3F,0x00,0x00,0xF0,0xFF,0x3F,0x00,0x00,0xF0,0xFF,0x3F,  // 117
  0x00,0x10,0x00,0x00,0x00,0x00,0xF0,0x00,0x00,0x00,0x00,0xF0,0x07,0x00,0x00,0x00,0xF0,0x1F,0x00,0x00,0x00,0xF0,0xFF,0x00,0x00,0x00,0xF0,0xFF,0x03,0x00,0x00,0xF0,0xFF,0x1F,0x00,0x00,0x80,0xFF,0x3F,0x00,0x00,0x00,0xFE,0x3F,0x00,0x00,0x00,0xF0,0x3F,0x00,0x00,0x00,0xF0,0x3F,0x00,0x00,0x00,0xFE,0x3F,0x00,0x00,0x80,0xFF,0x3F,0x00,0x00,0xF0,0xFF,0x1F,0x00,0x00,0xF0,0xFF,0x03,0x00,0x00,0xF0,0xFF,0x00,0x00,0x00,0xF0,0x1F,0x00,0x00,0x00,0xF0,0x07,0x00,0x00,0x00,0xF0,0x00,0x00,0x00,0x00,0x10, // 118
  0x00,0x00,0x00,0x00,0x00,0x00,0x30,0x00,0x00,0x00,0x00,0xF0,0x03,0x00,0x00,0x00,0xF0,0x3F,0x00,0x00,0x00,0xF0,0xFF,0x03,0x00,0x00,0xF0,0xFF,0x3F,0x00,0x00,0xF0,0xFF,0x3F,0x00,0x00,0xE0,0xFF,0x3F,0x00,0x00,0x00,0xFE,0x3F,0x00,0x00,0x00,0xE0,0x3F,0x00,0x00,0x00,0xF8,0x3F,0x00,0x00,0x80,0xFF,0x3F,0x00,0x00,0xF0,0xFF,0x0F,0x00,0x00,0xF0,0xFF,0x00,0x00,0x00,0xF0,0x0F,0x00,0x00,0x00,0xF0,0xFF,0x00,0x00,0x00,0xF0,0xFF,0x0F,0x00,0x00,0x80,0xFF,0x3F,0x00,0x00,0x00,0xF8,0x3F,0x00,0x00,0x00,0xE0,0x3F,0x00,0x00,0x00,0xFE,0x3F,0x00,0x00,0xE0,0xFF,0x3F,0x00,0x00,0xF0,0xFF,0x3F,0x00,0x00,0xF0,0xFF,0x3F,0x00,0x00,0xF0,0xFF,0x03,0x00,0x00,0xF0,0x3F,0x00,0x00,0x00,0xF0,0x03,0x00,0x00,0x00,0x30, // 119
  0x00,0x10,0x00,0x20,0x00,0x00,0x30,0x00,0x30,0x00,0x00,0x70,0x00,0x38,0x00,0x00,0xF0,0x01,0x3E,0x00,0x00,0xF0,0x03,0x3F,0x00,0x00,0xF0,0xC7,0x3F,0x00,0x00,0xF0,0xFF,0x3F,0x00,0x00,0xF0,0xFF,0x3F,0x00,0x00,0xE0,0xFF,0x0F,0x00,0x00,0x80,0xFF,0x07,0x00,0x00,0x80,0xFF,0x07,0x00,0x00,0xE0,0xFF,0x0F,0x00,0x00,0xF0,0xFF,0x3F,0x00,0x00,0xF0,0xFF,0x3F,0x00,0x00,0xF0,0xC7,0x3F,0x00,0x00,0xF0,0x03,0x3F,0x00,0x00,0xF0,0x01,0x3E,0x00,0x00,0x70,0x00,0x38,0x00,0x00,0x30,0x00,0x30,0x00,0x00,0x10,0x00,0x20, // 120
  0x00,0x10,0x00,0x00,0x00,0x00,0xF0,0x00,0x00,0x00,0x00,0xF0,0x03,0x00,0x00,0x00,0xF0,0x0F,0x00,0x1E,0x00,0xF0,0x7F,0x00,0x1E,0x00,0xF0,0xFF,0x01,0x1F,0x00,0xF0,0xFF,0x87,0x1F,0x00,0xC0,0xFF,0xFF,0x1F,0x00,0x00,0xFE,0xFF,0x1F,0x00,0x00,0xF8,0xFF,0x0F,0x00,0x00,0xF0,0xFF,0x07,0x00,0x00,0xFE,0xFF,0x03,0x00,0x80,0xFF,0xFF,0x00,0x00,0xF0,0xFF,0x1F,0x00,0x00,0xF0,0xFF,0x03,0x00,0x00,0xF0,0xFF,0x00,0x00,0x00,0xF0,0x1F,0x00,0x00,0x00,0xF0,0x07,0x00,0x00,0x00,0xF0,0x00,0x00,0x00,0x00,0x10, // 121
  0x00,0x00,0x00,0x00,0x00,0x00,0xF0,0x00,0x3E,0x00,0x00,0xF0,0x00,0x3F,0x00,0x00,0xF0,0x80,0x3F,0x00,0x00,0xF0,0xC0,0x3F,0x00,0x00,0xF0,0xE0,0x3F,0x00,0x00,0xF0,0xF8,0x3F,0x00,0x00,0xF0,0xFC,0x3F,0x00,0x00,0xF0,0xFE,0x3F,0x00,0x00,0xF0,0xFF,0x3F,0x00,0x00,0xF0,0xFF,0x3C,0x00,0x00,0xF0,0x7F,0x3C,0x00,0x00,0xF0,0x3F,0x3C,0x00,0x00,0xF0,0x1F,0x3C,0x00,0x00,0xF0,0x07,0x3C,0x00,0x00,0xF0,0x03,0x3C,0x00,0x00,0xF0,0x01,0x3C,  // 122
  0x00,0x00,0x00,0x00,0x00,0x00,0x00,0x00,0x00,0x00,0x00,0x00,0x00,0x00,0x00,0x00,0x00,0x00,0x00,0x00,0x00,0x00,0xF0,0x00,0x00,0x00,0x00,0xF0,0x00,0x00,0x00,0x00,0xF0,0x00,0x00,0x00,0x00,0xF0,0x00,0x00,0x00,0x00,0xFC,0x01,0x00,0x00,0xFE,0xFF,0xFF,0x01,0x00,0xFF,0xFF,0xFF,0x07,0x80,0xFF,0xFF,0xFF,0x07,0xC0,0xFF,0x9F,0xFF,0x0F,0xC0,0xFF,0x0F,0xFF,0x0F,0xC0,0x07,0x00,0x80,0x0F,0xC0,0x03,0x00,0x00,0x0F,0xC0,0x03,0x00,0x00,0x0F,0xC0,0x03,0x00,0x00,0x0F,0xC0,0x03,0x00,0x00,0x0F, // 123
  0x00,0x00,0x00,0x00,0x00,0x00,0x00,0x00,0x00,0x00,0x00,0x00,0x00,0x00,0x00,0x00,0x00,0x00,0x00,0x00,0xC0,0xFF,0xFF,0xFF,0x3F,0xC0,0xFF,0xFF,0xFF,0x3F,0xC0,0xFF,0xFF,0xFF,0x3F,0xC0,0xFF,0xFF,0xFF,0x3F,  // 124
  0x00,0x00,0x00,0x00,0x00,0x00,0x00,0x00,0x00,0x00,0x00,0x00,0x00,0x00,0x00,0x00,0x00,0x00,0x00,0x00,0xC0,0x03,0x00,0x00,0x0F,0xC0,0x03,0x00,0x00,0x0F,0xC0,0x03,0x00,0x00,0x0F,0xC0,0x03,0x00,0x00,0x0F,0xC0,0x07,0x00,0x80,0x0F,0xC0,0xFF,0x0F,0xFF,0x0F,0xC0,0xFF,0x9F,0xFF,0x0F,0x80,0xFF,0xFF,0xFF,0x07,0x00,0xFF,0xFF,0xFF,0x07,0x00,0xFE,0xFF,0xFF,0x01,0x00,0x00,0xF8,0x01,0x00,0x00,0x00,0xF0,0x00,0x00,0x00,0x00,0xF0,0x00,0x00,0x00,0x00,0xF0,0x00,0x00,0x00,0x00,0xF0, // 125
  0x00,0x00,0x00,0x00,0x00,0x00,0x00,0x00,0x00,0x00,0x00,0x00,0x00,0x00,0x00,0x00,0x00,0x78,0x00,0x00,0x00,0x00,0x3C,0x00,0x00,0x00,0x00,0x3C,0x00,0x00,0x00,0x00,0x1E,0x00,0x00,0x00,0x00,0x1E,0x00,0x00,0x00,0x00,0x1E,0x00,0x00,0x00,0x00,0x1E,0x00,0x00,0x00,0x00,0x1E,0x00,0x00,0x00,0x00,0x3E,0x00,0x00,0x00,0x00,0x3C,0x00,0x00,0x00,0x00,0x3C,0x00,0x00,0x00,0x00,0x7C,0x00,0x00,0x00,0x00,0x78,0x00,0x00,0x00,0x00,0x78,0x00,0x00,0x00,0x00,0x78,0x00,0x00,0x00,0x00,0x78,0x00,0x00,0x00,0x00,0x78,0x00,0x00,0x00,0x00,0x3C,0x00,0x00,0x00,0x00,0x3C,0x00,0x00,0x00,0x00,0x1E, // 126
  0x00,0x00,0x00,0x00,0x00,0x00,0x00,0x00,0x00,0x00,0x80,0xFF,0xFF,0xFF,0x07,0x80,0xFF,0xFF,0xFF,0x07,0x80,0x01,0x00,0x00,0x06,0x80,0x01,0x00,0x00,0x06,0x80,0x01,0x00,0x00,0x06,0x80,0x01,0x00,0x00,0x06,0x80,0x01,0x00,0x00,0x06,0x80,0x01,0x00,0x00,0x06,0x80,0x01,0x00,0x00,0x06,0x80,0x01,0x00,0x00,0x06,0x80,0x01,0x00,0x00,0x06,0x80,0x01,0x00,0x00,0x06,0x80,0x01,0x00,0x00,0x06,0x80,0x01,0x00,0x00,0x06,0x80,0xFF,0xFF,0xFF,0x07,0x80,0xFF,0xFF,0xFF,0x07,  // 127
  0x00,0x00,0x00,0x00,0x00,0x00,0x00,0x00,0x00,0x00,0x80,0xFF,0xFF,0xFF,0x07,0x80,0xFF,0xFF,0xFF,0x07,0x80,0x01,0x00,0x00,0x06,0x80,0x01,0x00,0x00,0x06,0x80,0x01,0x00,0x00,0x06,0x80,0x01,0x00,0x00,0x06,0x80,0x01,0x00,0x00,0x06,0x80,0x01,0x00,0x00,0x06,0x80,0x01,0x00,0x00,0x06,0x80,0x01,0x00,0x00,0x06,0x80,0x01,0x00,0x00,0x06,0x80,0x01,0x00,0x00,0x06,0x80,0x01,0x00,0x00,0x06,0x80,0x01,0x00,0x00,0x06,0x80,0xFF,0xFF,0xFF,0x07,0x80,0xFF,0xFF,0xFF,0x07,  // 128
  0x00,0x00,0x00,0x00,0x00,0x00,0x00,0x00,0x00,0x00,0x80,0xFF,0xFF,0xFF,0x07,0x80,0xFF,0xFF,0xFF,0x07,0x80,0x01,0x00,0x00,0x06,0x80,0x01,0x00,0x00,0x06,0x80,0x01,0x00,0x00,0x06,0x80,0x01,0x00,0x00,0x06,0x80,0x01,0x00,0x00,0x06,0x80,0x01,0x00,0x00,0x06,0x80,0x01,0x00,0x00,0x06,0x80,0x01,0x00,0x00,0x06,0x80,0x01,0x00,0x00,0x06,0x80,0x01,0x00,0x00,0x06,0x80,0x01,0x00,0x00,0x06,0x80,0x01,0x00,0x00,0x06,0x80,0xFF,0xFF,0xFF,0x07,0x80,0xFF,0xFF,0xFF,0x07,  // 129
  0x00,0x00,0x00,0x00,0x00,0x00,0x00,0x00,0x00,0x00,0x80,0xFF,0xFF,0xFF,0x07,0x80,0xFF,0xFF,0xFF,0x07,0x80,0x01,0x00,0x00,0x06,0x80,0x01,0x00,0x00,0x06,0x80,0x01,0x00,0x00,0x06,0x80,0x01,0x00,0x00,0x06,0x80,0x01,0x00,0x00,0x06,0x80,0x01,0x00,0x00,0x06,0x80,0x01,0x00,0x00,0x06,0x80,0x01,0x00,0x00,0x06,0x80,0x01,0x00,0x00,0x06,0x80,0x01,0x00,0x00,0x06,0x80,0x01,0x00,0x00,0x06,0x80,0x01,0x00,0x00,0x06,0x80,0xFF,0xFF,0xFF,0x07,0x80,0xFF,0xFF,0xFF,0x07,  // 130
  0x00,0x00,0x00,0x00,0x00,0x00,0x00,0x00,0x00,0x00,0x80,0xFF,0xFF,0xFF,0x07,0x80,0xFF,0xFF,0xFF,0x07,0x80,0x01,0x00,0x00,0x06,0x80,0x01,0x00,0x00,0x06,0x80,0x01,0x00,0x00,0x06,0x80,0x01,0x00,0x00,0x06,0x80,0x01,0x00,0x00,0x06,0x80,0x01,0x00,0x00,0x06,0x80,0x01,0x00,0x00,0x06,0x80,0x01,0x00,0x00,0x06,0x80,0x01,0x00,0x00,0x06,0x80,0x01,0x00,0x00,0x06,0x80,0x01,0x00,0x00,0x06,0x80,0x01,0x00,0x00,0x06,0x80,0xFF,0xFF,0xFF,0x07,0x80,0xFF,0xFF,0xFF,0x07,  // 131
  0x00,0x00,0x00,0x00,0x00,0x00,0x00,0x00,0x00,0x00,0x80,0xFF,0xFF,0xFF,0x07,0x80,0xFF,0xFF,0xFF,0x07,0x80,0x01,0x00,0x00,0x06,0x80,0x01,0x00,0x00,0x06,0x80,0x01,0x00,0x00,0x06,0x80,0x01,0x00,0x00,0x06,0x80,0x01,0x00,0x00,0x06,0x80,0x01,0x00,0x00,0x06,0x80,0x01,0x00,0x00,0x06,0x80,0x01,0x00,0x00,0x06,0x80,0x01,0x00,0x00,0x06,0x80,0x01,0x00,0x00,0x06,0x80,0x01,0x00,0x00,0x06,0x80,0x01,0x00,0x00,0x06,0x80,0xFF,0xFF,0xFF,0x07,0x80,0xFF,0xFF,0xFF,0x07,  // 132
  0x00,0x00,0x00,0x00,0x00,0x00,0x00,0x00,0x00,0x00,0x80,0xFF,0xFF,0xFF,0x07,0x80,0xFF,0xFF,0xFF,0x07,0x80,0x01,0x00,0x00,0x06,0x80,0x01,0x00,0x00,0x06,0x80,0x01,0x00,0x00,0x06,0x80,0x01,0x00,0x00,0x06,0x80,0x01,0x00,0x00,0x06,0x80,0x01,0x00,0x00,0x06,0x80,0x01,0x00,0x00,0x06,0x80,0x01,0x00,0x00,0x06,0x80,0x01,0x00,0x00,0x06,0x80,0x01,0x00,0x00,0x06,0x80,0x01,0x00,0x00,0x06,0x80,0x01,0x00,0x00,0x06,0x80,0xFF,0xFF,0xFF,0x07,0x80,0xFF,0xFF,0xFF,0x07,  // 133
  0x00,0x00,0x00,0x00,0x00,0x00,0x00,0x00,0x00,0x00,0x80,0xFF,0xFF,0xFF,0x07,0x80,0xFF,0xFF,0xFF,0x07,0x80,0x01,0x00,0x00,0x06,0x80,0x01,0x00,0x00,0x06,0x80,0x01,0x00,0x00,0x06,0x80,0x01,0x00,0x00,0x06,0x80,0x01,0x00,0x00,0x06,0x80,0x01,0x00,0x00,0x06,0x80,0x01,0x00,0x00,0x06,0x80,0x01,0x00,0x00,0x06,0x80,0x01,0x00,0x00,0x06,0x80,0x01,0x00,0x00,0x06,0x80,0x01,0x00,0x00,0x06,0x80,0x01,0x00,0x00,0x06,0x80,0xFF,0xFF,0xFF,0x07,0x80,0xFF,0xFF,0xFF,0x07,  // 134
  0x00,0x00,0x00,0x00,0x00,0x00,0x00,0x00,0x00,0x00,0x80,0xFF,0xFF,0xFF,0x07,0x80,0xFF,0xFF,0xFF,0x07,0x80,0x01,0x00,0x00,0x06,0x80,0x01,0x00,0x00,0x06,0x80,0x01,0x00,0x00,0x06,0x80,0x01,0x00,0x00,0x06,0x80,0x01,0x00,0x00,0x06,0x80,0x01,0x00,0x00,0x06,0x80,0x01,0x00,0x00,0x06,0x80,0x01,0x00,0x00,0x06,0x80,0x01,0x00,0x00,0x06,0x80,0x01,0x00,0x00,0x06,0x80,0x01,0x00,0x00,0x06,0x80,0x01,0x00,0x00,0x06,0x80,0xFF,0xFF,0xFF,0x07,0x80,0xFF,0xFF,0xFF,0x07,  // 135
  0x00,0x00,0x00,0x00,0x00,0x00,0x00,0x00,0x00,0x00,0x80,0xFF,0xFF,0xFF,0x07,0x80,0xFF,0xFF,0xFF,0x07,0x80,0x01,0x00,0x00,0x06,0x80,0x01,0x00,0x00,0x06,0x80,0x01,0x00,0x00,0x06,0x80,0x01,0x00,0x00,0x06,0x80,0x01,0x00,0x00,0x06,0x80,0x01,0x00,0x00,0x06,0x80,0x01,0x00,0x00,0x06,0x80,0x01,0x00,0x00,0x06,0x80,0x01,0x00,0x00,0x06,0x80,0x01,0x00,0x00,0x06,0x80,0x01,0x00,0x00,0x06,0x80,0x01,0x00,0x00,0x06,0x80,0xFF,0xFF,0xFF,0x07,0x80,0xFF,0xFF,0xFF,0x07,  // 136
  0x00,0x00,0x00,0x00,0x00,0x00,0x00,0x00,0x00,0x00,0x80,0xFF,0xFF,0xFF,0x07,0x80,0xFF,0xFF,0xFF,0x07,0x80,0x01,0x00,0x00,0x06,0x80,0x01,0x00,0x00,0x06,0x80,0x01,0x00,0x00,0x06,0x80,0x01,0x00,0x00,0x06,0x80,0x01,0x00,0x00,0x06,0x80,0x01,0x00,0x00,0x06,0x80,0x01,0x00,0x00,0x06,0x80,0x01,0x00,0x00,0x06,0x80,0x01,0x00,0x00,0x06,0x80,0x01,0x00,0x00,0x06,0x80,0x01,0x00,0x00,0x06,0x80,0x01,0x00,0x00,0x06,0x80,0xFF,0xFF,0xFF,0x07,0x80,0xFF,0xFF,0xFF,0x07,  // 137
  0x00,0x00,0x00,0x00,0x00,0x00,0x00,0x00,0x00,0x00,0x80,0xFF,0xFF,0xFF,0x07,0x80,0xFF,0xFF,0xFF,0x07,0x80,0x01,0x00,0x00,0x06,0x80,0x01,0x00,0x00,0x06,0x80,0x01,0x00,0x00,0x06,0x80,0x01,0x00,0x00,0x06,0x80,0x01,0x00,0x00,0x06,0x80,0x01,0x00,0x00,0x06,0x80,0x01,0x00,0x00,0x06,0x80,0x01,0x00,0x00,0x06,0x80,0x01,0x00,0x00,0x06,0x80,0x01,0x00,0x00,0x06,0x80,0x01,0x00,0x00,0x06,0x80,0x01,0x00,0x00,0x06,0x80,0xFF,0xFF,0xFF,0x07,0x80,0xFF,0xFF,0xFF,0x07,  // 138
  0x00,0x00,0x00,0x00,0x00,0x00,0x00,0x00,0x00,0x00,0x80,0xFF,0xFF,0xFF,0x07,0x80,0xFF,0xFF,0xFF,0x07,0x80,0x01,0x00,0x00,0x06,0x80,0x01,0x00,0x00,0x06,0x80,0x01,0x00,0x00,0x06,0x80,0x01,0x00,0x00,0x06,0x80,0x01,0x00,0x00,0x06,0x80,0x01,0x00,0x00,0x06,0x80,0x01,0x00,0x00,0x06,0x80,0x01,0x00,0x00,0x06,0x80,0x01,0x00,0x00,0x06,0x80,0x01,0x00,0x00,0x06,0x80,0x01,0x00,0x00,0x06,0x80,0x01,0x00,0x00,0x06,0x80,0xFF,0xFF,0xFF,0x07,0x80,0xFF,0xFF,0xFF,0x07,  // 139
  0x00,0x00,0x00,0x00,0x00,0x00,0x00,0x00,0x00,0x00,0x80,0xFF,0xFF,0xFF,0x07,0x80,0xFF,0xFF,0xFF,0x07,0x80,0x01,0x00,0x00,0x06,0x80,0x01,0x00,0x00,0x06,0x80,0x01,0x00,0x00,0x06,0x80,0x01,0x00,0x00,0x06,0x80,0x01,0x00,0x00,0x06,0x80,0x01,0x00,0x00,0x06,0x80,0x01,0x00,0x00,0x06,0x80,0x01,0x00,0x00,0x06,0x80,0x01,0x00,0x00,0x06,0x80,0x01,0x00,0x00,0x06,0x80,0x01,0x00,0x00,0x06,0x80,0x01,0x00,0x00,0x06,0x80,0xFF,0xFF,0xFF,0x07,0x80,0xFF,0xFF,0xFF,0x07,  // 140
  0x00,0x00,0x00,0x00,0x00,0x00,0x00,0x00,0x00,0x00,0x80,0xFF,0xFF,0xFF,0x07,0x80,0xFF,0xFF,0xFF,0x07,0x80,0x01,0x00,0x00,0x06,0x80,0x01,0x00,0x00,0x06,0x80,0x01,0x00,0x00,0x06,0x80,0x01,0x00,0x00,0x06,0x80,0x01,0x00,0x00,0x06,0x80,0x01,0x00,0x00,0x06,0x80,0x01,0x00,0x00,0x06,0x80,0x01,0x00,0x00,0x06,0x80,0x01,0x00,0x00,0x06,0x80,0x01,0x00,0x00,0x06,0x80,0x01,0x00,0x00,0x06,0x80,0x01,0x00,0x00,0x06,0x80,0xFF,0xFF,0xFF,0x07,0x80,0xFF,0xFF,0xFF,0x07,  // 141
  0x00,0x00,0x00,0x00,0x00,0x00,0x00,0x00,0x00,0x00,0x80,0xFF,0xFF,0xFF,0x07,0x80,0xFF,0xFF,0xFF,0x07,0x80,0x01,0x00,0x00,0x06,0x80,0x01,0x00,0x00,0x06,0x80,0x01,0x00,0x00,0x06,0x80,0x01,0x00,0x00,0x06,0x80,0x01,0x00,0x00,0x06,0x80,0x01,0x00,0x00,0x06,0x80,0x01,0x00,0x00,0x06,0x80,0x01,0x00,0x00,0x06,0x80,0x01,0x00,0x00,0x06,0x80,0x01,0x00,0x00,0x06,0x80,0x01,0x00,0x00,0x06,0x80,0x01,0x00,0x00,0x06,0x80,0xFF,0xFF,0xFF,0x07,0x80,0xFF,0xFF,0xFF,0x07,  // 142
  0x00,0x00,0x00,0x00,0x00,0x00,0x00,0x00,0x00,0x00,0x80,0xFF,0xFF,0xFF,0x07,0x80,0xFF,0xFF,0xFF,0x07,0x80,0x01,0x00,0x00,0x06,0x80,0x01,0x00,0x00,0x06,0x80,0x01,0x00,0x00,0x06,0x80,0x01,0x00,0x00,0x06,0x80,0x01,0x00,0x00,0x06,0x80,0x01,0x00,0x00,0x06,0x80,0x01,0x00,0x00,0x06,0x80,0x01,0x00,0x00,0x06,0x80,0x01,0x00,0x00,0x06,0x80,0x01,0x00,0x00,0x06,0x80,0x01,0x00,0x00,0x06,0x80,0x01,0x00,0x00,0x06,0x80,0xFF,0xFF,0xFF,0x07,0x80,0xFF,0xFF,0xFF,0x07,  // 143
  0x00,0x00,0x00,0x00,0x00,0x00,0x00,0x00,0x00,0x00,0x80,0xFF,0xFF,0xFF,0x07,0x80,0xFF,0xFF,0xFF,0x07,0x80,0x01,0x00,0x00,0x06,0x80,0x01,0x00,0x00,0x06,0x80,0x01,0x00,0x00,0x06,0x80,0x01,0x00,0x00,0x06,0x80,0x01,0x00,0x00,0x06,0x80,0x01,0x00,0x00,0x06,0x80,0x01,0x00,0x00,0x06,0x80,0x01,0x00,0x00,0x06,0x80,0x01,0x00,0x00,0x06,0x80,0x01,0x00,0x00,0x06,0x80,0x01,0x00,0x00,0x06,0x80,0x01,0x00,0x00,0x06,0x80,0xFF,0xFF,0xFF,0x07,0x80,0xFF,0xFF,0xFF,0x07,  // 144
  0x00,0x00,0x00,0x00,0x00,0x00,0x00,0x00,0x00,0x00,0x80,0xFF,0xFF,0xFF,0x07,0x80,0xFF,0xFF,0xFF,0x07,0x80,0x01,0x00,0x00,0x06,0x80,0x01,0x00,0x00,0x06,0x80,0x01,0x00,0x00,0x06,0x80,0x01,0x00,0x00,0x06,0x80,0x01,0x00,0x00,0x06,0x80,0x01,0x00,0x00,0x06,0x80,0x01,0x00,0x00,0x06,0x80,0x01,0x00,0x00,0x06,0x80,0x01,0x00,0x00,0x06,0x80,0x01,0x00,0x00,0x06,0x80,0x01,0x00,0x00,0x06,0x80,0x01,0x00,0x00,0x06,0x80,0xFF,0xFF,0xFF,0x07,0x80,0xFF,0xFF,0xFF,0x07,  // 145
  0x00,0x00,0x00,0x00,0x00,0x00,0x00,0x00,0x00,0x00,0x80,0xFF,0xFF,0xFF,0x07,0x80,0xFF,0xFF,0xFF,0x07,0x80,0x01,0x00,0x00,0x06,0x80,0x01,0x00,0x00,0x06,0x80,0x01,0x00,0x00,0x06,0x80,0x01,0x00,0x00,0x06,0x80,0x01,0x00,0x00,0x06,0x80,0x01,0x00,0x00,0x06,0x80,0x01,0x00,0x00,0x06,0x80,0x01,0x00,0x00,0x06,0x80,0x01,0x00,0x00,0x06,0x80,0x01,0x00,0x00,0x06,0x80,0x01,0x00,0x00,0x06,0x80,0x01,0x00,0x00,0x06,0x80,0xFF,0xFF,0xFF,0x07,0x80,0xFF,0xFF,0xFF,0x07,  // 146
  0x00,0x00,0x00,0x00,0x00,0x00,0x00,0x00,0x00,0x00,0x80,0xFF,0xFF,0xFF,0x07,0x80,0xFF,0xFF,0xFF,0x07,0x80,0x01,0x00,0x00,0x06,0x80,0x01,0x00,0x00,0x06,0x80,0x01,0x00,0x00,0x06,0x80,0x01,0x00,0x00,0x06,0x80,0x01,0x00,0x00,0x06,0x80,0x01,0x00,0x00,0x06,0x80,0x01,0x00,0x00,0x06,0x80,0x01,0x00,0x00,0x06,0x80,0x01,0x00,0x00,0x06,0x80,0x01,0x00,0x00,0x06,0x80,0x01,0x00,0x00,0x06,0x80,0x01,0x00,0x00,0x06,0x80,0xFF,0xFF,0xFF,0x07,0x80,0xFF,0xFF,0xFF,0x07,  // 147
  0x00,0x00,0x00,0x00,0x00,0x00,0x00,0x00,0x00,0x00,0x80,0xFF,0xFF,0xFF,0x07,0x80,0xFF,0xFF,0xFF,0x07,0x80,0x01,0x00,0x00,0x06,0x80,0x01,0x00,0x00,0x06,0x80,0x01,0x00,0x00,0x06,0x80,0x01,0x00,0x00,0x06,0x80,0x01,0x00,0x00,0x06,0x80,0x01,0x00,0x00,0x06,0x80,0x01,0x00,0x00,0x06,0x80,0x01,0x00,0x00,0x06,0x80,0x01,0x00,0x00,0x06,0x80,0x01,0x00,0x00,0x06,0x80,0x01,0x00,0x00,0x06,0x80,0x01,0x00,0x00,0x06,0x80,0xFF,0xFF,0xFF,0x07,0x80,0xFF,0xFF,0xFF,0x07,  // 148
  0x00,0x00,0x00,0x00,0x00,0x00,0x00,0x00,0x00,0x00,0x80,0xFF,0xFF,0xFF,0x07,0x80,0xFF,0xFF,0xFF,0x07,0x80,0x01,0x00,0x00,0x06,0x80,0x01,0x00,0x00,0x06,0x80,0x01,0x00,0x00,0x06,0x80,0x01,0x00,0x00,0x06,0x80,0x01,0x00,0x00,0x06,0x80,0x01,0x00,0x00,0x06,0x80,0x01,0x00,0x00,0x06,0x80,0x01,0x00,0x00,0x06,0x80,0x01,0x00,0x00,0x06,0x80,0x01,0x00,0x00,0x06,0x80,0x01,0x00,0x00,0x06,0x80,0x01,0x00,0x00,0x06,0x80,0xFF,0xFF,0xFF,0x07,0x80,0xFF,0xFF,0xFF,0x07,  // 149
  0x00,0x00,0x00,0x00,0x00,0x00,0x00,0x00,0x00,0x00,0x80,0xFF,0xFF,0xFF,0x07,0x80,0xFF,0xFF,0xFF,0x07,0x80,0x01,0x00,0x00,0x06,0x80,0x01,0x00,0x00,0x06,0x80,0x01,0x00,0x00,0x06,0x80,0x01,0x00,0x00,0x06,0x80,0x01,0x00,0x00,0x06,0x80,0x01,0x00,0x00,0x06,0x80,0x01,0x00,0x00,0x06,0x80,0x01,0x00,0x00,0x06,0x80,0x01,0x00,0x00,0x06,0x80,0x01,0x00,0x00,0x06,0x80,0x01,0x00,0x00,0x06,0x80,0x01,0x00,0x00,0x06,0x80,0xFF,0xFF,0xFF,0x07,0x80,0xFF,0xFF,0xFF,0x07,  // 150
  0x00,0x00,0x00,0x00,0x00,0x00,0x00,0x00,0x00,0x00,0x80,0xFF,0xFF,0xFF,0x07,0x80,0xFF,0xFF,0xFF,0x07,0x80,0x01,0x00,0x00,0x06,0x80,0x01,0x00,0x00,0x06,0x80,0x01,0x00,0x00,0x06,0x80,0x01,0x00,0x00,0x06,0x80,0x01,0x00,0x00,0x06,0x80,0x01,0x00,0x00,0x06,0x80,0x01,0x00,0x00,0x06,0x80,0x01,0x00,0x00,0x06,0x80,0x01,0x00,0x00,0x06,0x80,0x01,0x00,0x00,0x06,0x80,0x01,0x00,0x00,0x06,0x80,0x01,0x00,0x00,0x06,0x80,0xFF,0xFF,0xFF,0x07,0x80,0xFF,0xFF,0xFF,0x07,  // 151
  0x00,0x00,0x00,0x00,0x00,0x00,0x00,0x00,0x00,0x00,0x80,0xFF,0xFF,0xFF,0x07,0x80,0xFF,0xFF,0xFF,0x07,0x80,0x01,0x00,0x00,0x06,0x80,0x01,0x00,0x00,0x06,0x80,0x01,0x00,0x00,0x06,0x80,0x01,0x00,0x00,0x06,0x80,0x01,0x00,0x00,0x06,0x80,0x01,0x00,0x00,0x06,0x80,0x01,0x00,0x00,0x06,0x80,0x01,0x00,0x00,0x06,0x80,0x01,0x00,0x00,0x06,0x80,0x01,0x00,0x00,0x06,0x80,0x01,0x00,0x00,0x06,0x80,0x01,0x00,0x00,0x06,0x80,0xFF,0xFF,0xFF,0x07,0x80,0xFF,0xFF,0xFF,0x07,  // 152
  0x00,0x00,0x00,0x00,0x00,0x00,0x00,0x00,0x00,0x00,0x80,0xFF,0xFF,0xFF,0x07,0x80,0xFF,0xFF,0xFF,0x07,0x80,0x01,0x00,0x00,0x06,0x80,0x01,0x00,0x00,0x06,0x80,0x01,0x00,0x00,0x06,0x80,0x01,0x00,0x00,0x06,0x80,0x01,0x00,0x00,0x06,0x80,0x01,0x00,0x00,0x06,0x80,0x01,0x00,0x00,0x06,0x80,0x01,0x00,0x00,0x06,0x80,0x01,0x00,0x00,0x06,0x80,0x01,0x00,0x00,0x06,0x80,0x01,0x00,0x00,0x06,0x80,0x01,0x00,0x00,0x06,0x80,0xFF,0xFF,0xFF,0x07,0x80,0xFF,0xFF,0xFF,0x07,  // 153
  0x00,0x00,0x00,0x00,0x00,0x00,0x00,0x00,0x00,0x00,0x80,0xFF,0xFF,0xFF,0x07,0x80,0xFF,0xFF,0xFF,0x07,0x80,0x01,0x00,0x00,0x06,0x80,0x01,0x00,0x00,0x06,0x80,0x01,0x00,0x00,0x06,0x80,0x01,0x00,0x00,0x06,0x80,0x01,0x00,0x00,0x06,0x80,0x01,0x00,0x00,0x06,0x80,0x01,0x00,0x00,0x06,0x80,0x01,0x00,0x00,0x06,0x80,0x01,0x00,0x00,0x06,0x80,0x01,0x00,0x00,0x06,0x80,0x01,0x00,0x00,0x06,0x80,0x01,0x00,0x00,0x06,0x80,0xFF,0xFF,0xFF,0x07,0x80,0xFF,0xFF,0xFF,0x07,  // 154
  0x00,0x00,0x00,0x00,0x00,0x00,0x00,0x00,0x00,0x00,0x80,0xFF,0xFF,0xFF,0x07,0x80,0xFF,0xFF,0xFF,0x07,0x80,0x01,0x00,0x00,0x06,0x80,0x01,0x00,0x00,0x06,0x80,0x01,0x00,0x00,0x06,0x80,0x01,0x00,0x00,0x06,0x80,0x01,0x00,0x00,0x06,0x80,0x01,0x00,0x00,0x06,0x80,0x01,0x00,0x00,0x06,0x80,0x01,0x00,0x00,0x06,0x80,0x01,0x00,0x00,0x06,0x80,0x01,0x00,0x00,0x06,0x80,0x01,0x00,0x00,0x06,0x80,0x01,0x00,0x00,0x06,0x80,0xFF,0xFF,0xFF,0x07,0x80,0xFF,0xFF,0xFF,0x07,  // 155
  0x00,0x00,0x00,0x00,0x00,0x00,0x00,0x00,0x00,0x00,0x80,0xFF,0xFF,0xFF,0x07,0x80,0xFF,0xFF,0xFF,0x07,0x80,0x01,0x00,0x00,0x06,0x80,0x01,0x00,0x00,0x06,0x80,0x01,0x00,0x00,0x06,0x80,0x01,0x00,0x00,0x06,0x80,0x01,0x00,0x00,0x06,0x80,0x01,0x00,0x00,0x06,0x80,0x01,0x00,0x00,0x06,0x80,0x01,0x00,0x00,0x06,0x80,0x01,0x00,0x00,0x06,0x80,0x01,0x00,0x00,0x06,0x80,0x01,0x00,0x00,0x06,0x80,0x01,0x00,0x00,0x06,0x80,0xFF,0xFF,0xFF,0x07,0x80,0xFF,0xFF,0xFF,0x07,  // 156
  0x00,0x00,0x00,0x00,0x00,0x00,0x00,0x00,0x00,0x00,0x80,0xFF,0xFF,0xFF,0x07,0x80,0xFF,0xFF,0xFF,0x07,0x80,0x01,0x00,0x00,0x06,0x80,0x01,0x00,0x00,0x06,0x80,0x01,0x00,0x00,0x06,0x80,0x01,0x00,0x00,0x06,0x80,0x01,0x00,0x00,0x06,0x80,0x01,0x00,0x00,0x06,0x80,0x01,0x00,0x00,0x06,0x80,0x01,0x00,0x00,0x06,0x80,0x01,0x00,0x00,0x06,0x80,0x01,0x00,0x00,0x06,0x80,0x01,0x00,0x00,0x06,0x80,0x01,0x00,0x00,0x06,0x80,0xFF,0xFF,0xFF,0x07,0x80,0xFF,0xFF,0xFF,0x07,  // 157
  0x00,0x00,0x00,0x00,0x00,0x00,0x00,0x00,0x00,0x00,0x80,0xFF,0xFF,0xFF,0x07,0x80,0xFF,0xFF,0xFF,0x07,0x80,0x01,0x00,0x00,0x06,0x80,0x01,0x00,0x00,0x06,0x80,0x01,0x00,0x00,0x06,0x80,0x01,0x00,0x00,0x06,0x80,0x01,0x00,0x00,0x06,0x80,0x01,0x00,0x00,0x06,0x80,0x01,0x00,0x00,0x06,0x80,0x01,0x00,0x00,0x06,0x80,0x01,0x00,0x00,0x06,0x80,0x01,0x00,0x00,0x06,0x80,0x01,0x00,0x00,0x06,0x80,0x01,0x00,0x00,0x06,0x80,0xFF,0xFF,0xFF,0x07,0x80,0xFF,0xFF,0xFF,0x07,  // 158
  0x00,0x00,0x00,0x00,0x00,0x00,0x00,0x00,0x00,0x00,0x80,0xFF,0xFF,0xFF,0x07,0x80,0xFF,0xFF,0xFF,0x07,0x80,0x01,0x00,0x00,0x06,0x80,0x01,0x00,0x00,0x06,0x80,0x01,0x00,0x00,0x06,0x80,0x01,0x00,0x00,0x06,0x80,0x01,0x00,0x00,0x06,0x80,0x01,0x00,0x00,0x06,0x80,0x01,0x00,0x00,0x06,0x80,0x01,0x00,0x00,0x06,0x80,0x01,0x00,0x00,0x06,0x80,0x01,0x00,0x00,0x06,0x80,0x01,0x00,0x00,0x06,0x80,0x01,0x00,0x00,0x06,0x80,0xFF,0xFF,0xFF,0x07,0x80,0xFF,0xFF,0xFF,0x07,  // 159
  0x00,0x00,0x00,0x00,0x00,0x00,0x00,0x00,0x00,0x00,0x00,0x00,0x00,0x00,0x00,0x00,0x00,0x00,0x00,0x00,0x00,0xF0,0xC3,0xFF,0x07,0x00,0xF0,0xF3,0xFF,0x07,0x00,0xF0,0xF3,0xFF,0x07,0x00,0xF0,0xF3,0xFF,0x07,0x00,0xF0,0xF3,0xFF,0x07,0x00,0xF0,0x83,0xFF,0x07,  // 161
  0x00,0x00,0x00,0x00,0x00,0x00,0x00,0x00,0x00,0x00,0x00,0x00,0x00,0x00,0x00,0x00,0x00,0xFE,0x00,0x00,0x00,0x80,0xFF,0x03,0x00,0x00,0xC0,0xFF,0x0F,0x00,0x00,0xC0,0xFF,0x0F,0x00,0x00,0xE0,0xFF,0x1F,0x00,0x00,0xE0,0xFF,0x1F,0x00,0x00,0xF0,0x03,0x3F,0x00,0x00,0xF0,0x01,0x3E,0x00,0x00,0xFF,0xFF,0xFF,0x07,0x00,0xFF,0xFF,0xFF,0x07,0x00,0xFF,0xFF,0xFF,0x07,0x00,0xF0,0x00,0x3C,0x00,0x00,0xF0,0x00,0x3C,0x00,0x00,0xF0,0x01,0x3E,0x00,0x00,0xE0,0x03,0x1E, // 162
  0x00,0x00,0x00,0x00,0x00,0x00,0x00,0x00,0x00,0x00,0x00,0x00,0x00,0x3C,0x00,0x00,0x00,0x1E,0x3C,0x00,0x00,0x00,0x1E,0x3C,0x00,0x00,0x00,0x1E,0x3C,0x00,0x00,0xF8,0xFF,0x3F,0x00,0x00,0xFE,0xFF,0x3F,0x00,0x00,0xFF,0xFF,0x3F,0x00,0x00,0xFF,0xFF,0x3F,0x00,0x00,0xFF,0xFF,0x3F,0x00,0x80,0xFF,0xFF,0x3F,0x00,0x80,0x1F,0x1E,0x3C,0x00,0x80,0x07,0x1E,0x3C,0x00,0x80,0x07,0x1E,0x3C,0x00,0x80,0x07,0x1E,0x3C,0x00,0x80,0x07,0x1E,0x3C,0x00,0x00,0x07,0x1E,0x3C,0x00,0x00,0x0F,0x00,0x3C,0x00,0x00,0x1E,0x00,0x3C, // 163
  0x00,0x00,0x00,0x00,0x00,0x00,0x00,0x00,0x00,0x00,0x00,0x20,0x00,0x06,0x00,0x00,0x70,0x00,0x07,0x00,0x00,0xF8,0xBE,0x0F,0x00,0x00,0xF0,0xFF,0x07,0x00,0x00,0xE0,0xFF,0x03,0x00,0x00,0xC0,0xE3,0x01,0x00,0x00,0xE0,0xC1,0x03,0x00,0x00,0xE0,0x80,0x03,0x00,0x00,0xE0,0x80,0x03,0x00,0x00,0xE0,0x80,0x03,0x00,0x00,0xE0,0xC1,0x03,0x00,0x00,0xC0,0xE3,0x01,0x00,0x00,0xE0,0xFF,0x03,0x00,0x00,0xF0,0xFF,0x07,0x00,0x00,0xF8,0xBE,0x0F,0x00,0x00,0x78,0x00,0x07,0x00,0x00,0x20,0x00,0x02,  // 164
  0x80,0x00,0x00,0x00,0x00,0x80,0x81,0x73,0x00,0x00,0x80,0x87,0x73,0x00,0x00,0x80,0x8F,0x73,0x00,0x00,0x80,0xBF,0x73,0x00,0x00,0x80,0xFF,0x73,0x00,0x00,0x80,0xFF,0x73,0x00,0x00,0x80,0xFF,0x73,0x00,0x00,0x00,0xFE,0xFF,0x3F,0x00,0x00,0xFC,0xFF,0x3F,0x00,0x00,0xF0,0xFF,0x3F,0x00,0x00,0xF0,0xFF,0x3F,0x00,0x00,0xFC,0xFF,0x3F,0x00,0x00,0xFE,0xFF,0x3F,0x00,0x80,0xFF,0x73,0x00,0x00,0x80,0xFF,0x73,0x00,0x00,0x80,0xFF,0x73,0x00,0x00,0x80,0xBF,0x73,0x00,0x00,0x80,0x8F,0x73,0x00,0x00,0x80,0x87,0x73,0x00,0x00,0x80,0x81,0x73,0x00,0x00,0x80,  // 165
  0x00,0x00,0x00,0x00,0x00,0x00,0x00,0x00,0x00,0x00,0x00,0x00,0x00,0x00,0x00,0x00,0x00,0x00,0x00,0x00,0x00,0xFF,0x0F,0xFF,0x0F,0x00,0xFF,0x0F,0xFF,0x0F,0x00,0xFF,0x0F,0xFF,0x0F,0x00,0xFF,0x0F,0xFF,0x0F,  // 166
  0x00,0x00,0x00,0x00,0x00,0x00,0x00,0x3C,0x00,0x00,0x00,0x1C,0xFF,0x00,0x00,0x00,0x7F,0xFF,0xE1,0x00,0x00,0xFF,0xFF,0xE1,0x00,0x00,0xFF,0xE3,0xC3,0x01,0x80,0xFF,0xE1,0xC3,0x01,0x80,0xF7,0xC1,0xC7,0x01,0x80,0xE3,0xC1,0xC7,0x01,0x80,0xE3,0x83,0xC7,0x01,0x80,0xC3,0x83,0xCF,0x01,0x80,0xC3,0x87,0xFF,0x01,0x80,0xC3,0xC7,0xFF,0x00,0x80,0x87,0xFF,0xFF,0x00,0x00,0x07,0xFF,0xFD,0x00,0x00,0x00,0xFF,0x38, // 167
  0x00,0x00,0x00,0x00,0x00,0x00,0x00,0x00,0x00,0x00,0x00,0x00,0x00,0x00,0x00,0xE0,0x01,0x00,0x00,0x00,0xE0,0x01,0x00,0x00,0x00,0xE0,0x01,0x00,0x00,0x00,0xE0,0x01,0x00,0x00,0x00,0x00,0x00,0x00,0x00,0x00,0x00,0x00,0x00,0x00,0x00,0x00,0x00,0x00,0x00,0x00,0xE0,0x01,0x00,0x00,0x00,0xE0,0x01,0x00,0x00,0x00,0xE0,0x01,0x00,0x00,0x00,0xE0,0x01, // 168
  0x00,0x00,0x00,0x00,0x00,0x00,0x00,0x00,0x00,0x00,0x00,0x00,0x00,0x00,0x00,0x00,0x00,0x00,0x00,0x00,0x00,0x80,0x3F,0x00,0x00,0x00,0xE0,0xFF,0x00,0x00,0x00,0x78,0xC0,0x03,0x00,0x00,0x1C,0x00,0x07,0x00,0x00,0x0E,0x00,0x0E,0x00,0x00,0x06,0x1F,0x0C,0x00,0x00,0xC3,0x7F,0x18,0x00,0x00,0xE3,0xFF,0x18,0x00,0x80,0xE1,0xF1,0x30,0x00,0x80,0xF1,0xE0,0x31,0x00,0x80,0x71,0xC0,0x31,0x00,0x80,0x71,0xC0,0x31,0x00,0x80,0x71,0xC0,0x31,0x00,0x80,0x71,0xC0,0x31,0x00,0x80,0x71,0xC0,0x31,0x00,0x00,0xE3,0xE0,0x18,0x00,0x00,0x03,0x00,0x18,0x00,0x00,0x06,0x00,0x0C,0x00,0x00,0x0E,0x00,0x0E,0x00,0x00,0x1C,0x00,0x07,0x00,0x00,0x78,0xC0,0x03,0x00,0x00,0xE0,0xFF,0x00,0x00,0x00,0x80,0x3F, // 169
  0x00,0x00,0x00,0x00,0x00,0x00,0x00,0x00,0x00,0x00,0x00,0xC0,0xC3,0x01,0x00,0x00,0xE7,0xC7,0x01,0x00,0x00,0xE3,0xCF,0x01,0x00,0x80,0xF3,0xCF,0x01,0x00,0x80,0x73,0xCE,0x01,0x00,0x80,0x33,0xCE,0x01,0x00,0x80,0x33,0xCE,0x01,0x00,0x80,0x33,0xC6,0x01,0x00,0x80,0xB7,0xC3,0x01,0x00,0x80,0xFF,0xCF,0x01,0x00,0x00,0xFF,0xCF,0x01,0x00,0x00,0xFE,0xCF,0x01,0x00,0x00,0xFC,0xCF,0x01,  // 170
  0x00,0x00,0x00,0x00,0x00,0x00,0x00,0x00,0x00,0x00,0x00,0x00,0x3C,0x00,0x00,0x00,0x00,0x3C,0x00,0x00,0x00,0x00,0x7E,0x00,0x00,0x00,0x00,0xFF,0x00,0x00,0x00,0x80,0xE7,0x01,0x00,0x00,0x80,0xC3,0x01,0x00,0x00,0xC0,0xC3,0x03,0x00,0x00,0xE0,0x81,0x07,0x00,0x00,0x00,0x3C,0x00,0x00,0x00,0x00,0x3C,0x00,0x00,0x00,0x00,0x7E,0x00,0x00,0x00,0x00,0xFF,0x00,0x00,0x00,0x80,0xE7,0x01,0x00,0x00,0x80,0xC3,0x01,0x00,0x00,0xC0,0xC3,0x03,0x00,0x00,0xE0,0x81,0x07, // 171
  0x00,0x00,0x00,0x00,0x00,0x00,0x00,0x00,0x00,0x00,0x00,0x00,0x00,0x00,0x00,0x00,0x00,0x0F,0x00,0x00,0x00,0x00,0x0F,0x00,0x00,0x00,0x00,0x0F,0x00,0x00,0x00,0x00,0x0F,0x00,0x00,0x00,0x00,0x0F,0x00,0x00,0x00,0x00,0x0F,0x00,0x00,0x00,0x00,0x0F,0x00,0x00,0x00,0x00,0x0F,0x00,0x00,0x00,0x00,0x0F,0x00,0x00,0x00,0x00,0x0F,0x00,0x00,0x00,0x00,0x0F,0x00,0x00,0x00,0x00,0x0F,0x00,0x00,0x00,0x00,0x0F,0x00,0x00,0x00,0x00,0x0F,0x00,0x00,0x00,0x00,0x0F,0x00,0x00,0x00,0x00,0x0F,0x00,0x00,0x00,0x00,0xFF,0x03,0x00,0x00,0x00,0xFF,0x03,0x00,0x00,0x00,0xFF,0x03,0x00,0x00,0x00,0xFF,0x03,  // 172
  0x00,0x00,0x00,0x00,0x00,0x00,0x00,0x00,0x00,0x00,0x00,0x00,0x7C,0x00,0x00,0x00,0x00,0x7C,0x00,0x00,0x00,0x00,0x7C,0x00,0x00,0x00,0x00,0x7C,0x00,0x00,0x00,0x00,0x7C,0x00,0x00,0x00,0x00,0x7C,0x00,0x00,0x00,0x00,0x7C,0x00,0x00,0x00,0x00,0x7C,0x00,0x00,0x00,0x00,0x7C,0x00,0x00,0x00,0x00,0x7C,  // 173
  0x00,0x00,0x00,0x00,0x00,0x00,0x00,0x00,0x00,0x00,0x00,0x00,0x00,0x00,0x00,0x00,0x00,0x00,0x00,0x00,0x00,0x80,0x3F,0x00,0x00,0x00,0xE0,0xFF,0x00,0x00,0x00,0x78,0xC0,0x03,0x00,0x00,0x1C,0x00,0x07,0x00,0x00,0x0E,0x00,0x0E,0x00,0x00,0x06,0x00,0x0C,0x00,0x00,0x03,0x00,0x18,0x00,0x00,0xF3,0xFF,0x19,0x00,0x80,0xF1,0xFF,0x31,0x00,0x80,0xF1,0xFF,0x31,0x00,0x80,0x31,0x0C,0x30,0x00,0x80,0x31,0x1C,0x30,0x00,0x80,0x31,0x3C,0x30,0x00,0x80,0x71,0x7E,0x30,0x00,0x80,0xF1,0xFF,0x31,0x00,0x00,0xE3,0xE7,0x19,0x00,0x00,0xC3,0xC3,0x19,0x00,0x00,0x06,0x00,0x0D,0x00,0x00,0x0E,0x00,0x0E,0x00,0x00,0x1C,0x00,0x07,0x00,0x00,0x78,0xC0,0x03,0x00,0x00,0xE0,0xFF,0x00,0x00,0x00,0x80,0x3F, // 174
  0x00,0x00,0x00,0x00,0x00,0x00,0x00,0x00,0x00,0x00,0x00,0x00,0x00,0x00,0x00,0xC0,0x01,0x00,0x00,0x00,0xC0,0x01,0x00,0x00,0x00,0xC0,0x01,0x00,0x00,0x00,0xC0,0x01,0x00,0x00,0x00,0xC0,0x01,0x00,0x00,0x00,0xC0,0x01,0x00,0x00,0x00,0xC0,0x01,0x00,0x00,0x00,0xC0,0x01,0x00,0x00,0x00,0xC0,0x01,0x00,0x00,0x00,0xC0,0x01,  // 175
  0x00,0x00,0x00,0x00,0x00,0x00,0x00,0x00,0x00,0x00,0x00,0x00,0x00,0x00,0x00,0x00,0x1E,0x00,0x00,0x00,0x80,0x7F,0x00,0x00,0x00,0x80,0x61,0x00,0x00,0x00,0xC0,0xC0,0x00,0x00,0x00,0xC0,0xC0,0x00,0x00,0x00,0xC0,0xC0,0x00,0x00,0x00,0xC0,0xC0,0x00,0x00,0x00,0x80,0x61,0x00,0x00,0x00,0x80,0x7F,0x00,0x00,0x00,0x00,0x1E,  // 176
  0x00,0x00,0x00,0x00,0x00,0x00,0x00,0x00,0x00,0x00,0x00,0x00,0x00,0x00,0x00,0x00,0x00,0x00,0x00,0x00,0x00,0x80,0x07,0x3C,0x00,0x00,0x80,0x07,0x3C,0x00,0x00,0x80,0x07,0x3C,0x00,0x00,0x80,0x07,0x3C,0x00,0x00,0x80,0x07,0x3C,0x00,0x00,0x80,0x07,0x3C,0x00,0x00,0x80,0x07,0x3C,0x00,0x00,0x80,0x07,0x3C,0x00,0x00,0xFE,0xFF,0x3D,0x00,0x00,0xFE,0xFF,0x3D,0x00,0x00,0xFE,0xFF,0x3D,0x00,0x00,0xFE,0xFF,0x3D,0x00,0x00,0x80,0x07,0x3C,0x00,0x00,0x80,0x07,0x3C,0x00,0x00,0x80,0x07,0x3C,0x00,0x00,0x80,0x07,0x3C,0x00,0x00,0x80,0x07,0x3C,0x00,0x00,0x80,0x07,0x3C,0x00,0x00,0x80,0x07,0x3C,0x00,0x00,0x80,0x07,0x3C, // 177
  0x00,0x00,0x00,0x00,0x00,0x00,0x00,0x00,0x00,0x00,0x00,0x03,0x1C,0x00,0x00,0x80,0x03,0x1E,0x00,0x00,0x80,0x01,0x1F,0x00,0x00,0x80,0x81,0x1F,0x00,0x00,0x80,0xC1,0x1B,0x00,0x00,0x80,0xC1,0x19,0x00,0x00,0x80,0xF3,0x19,0x00,0x00,0x80,0xFF,0x18,0x00,0x00,0x00,0x7F,0x18,0x00,0x00,0x00,0x3F,0x18,0x00,0x00,0x00,0x1E,0x18, // 178
  0x00,0x00,0x00,0x00,0x00,0x80,0x03,0x0C,0x00,0x00,0x80,0x01,0x18,0x00,0x00,0x80,0x31,0x18,0x00,0x00,0x80,0x31,0x18,0x00,0x00,0x80,0x31,0x18,0x00,0x00,0x80,0x31,0x18,0x00,0x00,0x80,0x7B,0x1C,0x00,0x00,0x80,0xFF,0x1F,0x00,0x00,0x80,0xFF,0x0F,0x00,0x00,0x00,0xCF,0x0F,0x00,0x00,0x00,0x8E,0x07,  // 179
  0x00,0x00,0x00,0x00,0x00,0x00,0x00,0x00,0x00,0x00,0x00,0x00,0x00,0x00,0x00,0x00,0x00,0x00,0x00,0x00,0x00,0x00,0x00,0x00,0x00,0x00,0x00,0x00,0x00,0x00,0x00,0x02,0x00,0x00,0x00,0x00,0x03,0x00,0x00,0x00,0x80,0x03,0x00,0x00,0x00,0xE0,0x03,0x00,0x00,0x00,0xF0,0x01,0x00,0x00,0x00,0xF0,0x00,0x00,0x00,0x00,0x70,0x00,0x00,0x00,0x00,0x30,0x00,0x00,0x00,0x00,0x10, // 180
  0x00,0x00,0x00,0x00,0x00,0x00,0x00,0x00,0x00,0x00,0x00,0x00,0x00,0x00,0x00,0x00,0xF0,0xFF,0xFF,0x1F,0x00,0xF0,0xFF,0xFF,0x1F,0x00,0xF0,0xFF,0xFF,0x1F,0x00,0xF0,0xFF,0xFF,0x1F,0x00,0xF0,0xFF,0xFF,0x1F,0x00,0xF0,0xFF,0xFF,0x1F,0x00,0x00,0x00,0x1E,0x00,0x00,0x00,0x00,0x3C,0x00,0x00,0x00,0x00,0x3C,0x00,0x00,0x00,0x00,0x3C,0x00,0x00,0x00,0x00,0x3C,0x00,0x00,0x00,0x00,0x1E,0x00,0x00,0xF0,0xFF,0x1F,0x00,0x00,0xF0,0xFF,0x0F,0x00,0x00,0xF0,0xFF,0x1F,0x00,0x00,0xF0,0xFF,0x3F,0x00,0x00,0xF0,0xFF,0x3F,0x00,0x00,0xF0,0xFF,0x3F,0x00,0x00,0x00,0x00,0x3C,0x00,0x00,0x00,0x00,0x3C,  // 181
  0x00,0x00,0x00,0x00,0x00,0x00,0x00,0x00,0x00,0x00,0x00,0xF8,0x00,0x00,0x00,0x00,0xFE,0x03,0x00,0x00,0x00,0xFE,0x03,0x00,0x00,0x00,0xFF,0x07,0x00,0x00,0x80,0xFF,0x07,0x00,0x00,0x80,0xFF,0x0F,0x00,0x00,0x80,0xFF,0x0F,0x00,0x00,0x80,0xFF,0xFF,0xFF,0x01,0x80,0xFF,0xFF,0xFF,0x01,0x80,0xFF,0xFF,0xFF,0x01,0x80,0x01,0x00,0x00,0x00,0x80,0x01,0x00,0x00,0x00,0x80,0x01,0x00,0x00,0x00,0x80,0xFF,0xFF,0xFF,0x01,0x80,0xFF,0xFF,0xFF,0x01,0x80,0xFF,0xFF,0xFF,0x01,  // 182
  0x00,0x00,0x00,0x00,0x00,0x00,0x00,0x00,0x00,0x00,0x00,0x00,0x00,0x00,0x00,0x00,0x00,0x3F,0x00,0x00,0x00,0x00,0x3F,0x00,0x00,0x00,0x00,0x3F,0x00,0x00,0x00,0x00,0x3F,0x00,0x00,0x00,0x00,0x3F,0x00,0x00,0x00,0x00,0x3F, // 183
  0x00,0x00,0x00,0x00,0x00,0x00,0x00,0x00,0x00,0x00,0x00,0x00,0x00,0x00,0x00,0x00,0x00,0x00,0x00,0x00,0x00,0x00,0x00,0x00,0x0C,0x00,0x00,0x00,0x00,0x0C,0x00,0x00,0x00,0x00,0x0C,0x00,0x00,0x00,0x40,0x0C,0x00,0x00,0x00,0xC0,0x0F,0x00,0x00,0x00,0x80,0x0F,0x00,0x00,0x00,0x00,0x07, // 184
  0x00,0x00,0x00,0x00,0x00,0x00,0x03,0x00,0x00,0x00,0x00,0x03,0x18,0x00,0x00,0x80,0x03,0x18,0x00,0x00,0x80,0x01,0x18,0x00,0x00,0x80,0xFF,0x1F,0x00,0x00,0x80,0xFF,0x1F,0x00,0x00,0x80,0xFF,0x1F,0x00,0x00,0x80,0xFF,0x1F,0x00,0x00,0x00,0x00,0x18,0x00,0x00,0x00,0x00,0x18,0x00,0x00,0x00,0x00,0x18,  // 185
  0x00,0x00,0x00,0x00,0x00,0x00,0x00,0x00,0x00,0x00,0x00,0xF8,0x00,0x00,0x00,0x00,0xFE,0xC3,0x01,0x00,0x00,0xFF,0xC7,0x01,0x00,0x00,0xFF,0xC7,0x01,0x00,0x80,0x07,0xCF,0x01,0x00,0x80,0x03,0xCE,0x01,0x00,0x80,0x03,0xCE,0x01,0x00,0x80,0x03,0xCE,0x01,0x00,0x80,0x03,0xCE,0x01,0x00,0x80,0x07,0xCF,0x01,0x00,0x00,0xFF,0xC7,0x01,0x00,0x00,0xFF,0xC7,0x01,0x00,0x00,0xFE,0xC3,0x01,0x00,0x00,0xF8, // 186
  0x00,0x00,0x00,0x00,0x00,0x00,0x00,0x00,0x00,0x00,0x00,0x00,0x00,0x00,0x00,0x00,0xE0,0x81,0x07,0x00,0x00,0xC0,0xC3,0x03,0x00,0x00,0x80,0xC3,0x01,0x00,0x00,0x80,0xE7,0x01,0x00,0x00,0x00,0xFF,0x00,0x00,0x00,0x00,0x7E,0x00,0x00,0x00,0x00,0x3C,0x00,0x00,0x00,0x00,0x3C,0x00,0x00,0x00,0xE0,0x81,0x07,0x00,0x00,0xC0,0xC3,0x03,0x00,0x00,0x80,0xC3,0x01,0x00,0x00,0x80,0xE7,0x01,0x00,0x00,0x00,0xFF,0x00,0x00,0x00,0x00,0x7E,0x00,0x00,0x00,0x00,0x3C,0x00,0x00,0x00,0x00,0x3C, // 187
  0x00,0x00,0x00,0x00,0x00,0x00,0x03,0x00,0x00,0x00,0x00,0x03,0x18,0x00,0x00,0x80,0x03,0x18,0x00,0x00,0x80,0x01,0x18,0x00,0x00,0x80,0xFF,0x1F,0x00,0x00,0x80,0xFF,0x1F,0x00,0x00,0x80,0xFF,0x1F,0x00,0x00,0x80,0xFF,0x1F,0x20,0x00,0x00,0x00,0x18,0x30,0x00,0x00,0x00,0x18,0x3C,0x00,0x00,0x00,0x18,0x3F,0x00,0x00,0x00,0x80,0x1F,0x00,0x00,0x00,0xE0,0x07,0x00,0x00,0x00,0xF0,0x01,0x00,0x00,0x00,0xFC,0x00,0x00,0x00,0x00,0x3F,0x00,0x00,0x00,0x80,0x1F,0x00,0x00,0x00,0xE0,0x07,0x00,0x00,0x00,0xF0,0x01,0x07,0x00,0x00,0xFC,0xC0,0x07,0x00,0x00,0x3F,0xE0,0x06,0x00,0x80,0x1F,0x78,0x06,0x00,0x80,0x07,0x3C,0x06,0x00,0x80,0x01,0x0E,0x06,0x00,0x80,0x00,0xFE,0x3F,0x00,0x00,0x00,0xFE,0x3F,0x00,0x00,0x00,0xFE,0x3F,0x00,0x00,0x00,0xFE,0x3F,0x00,0x00,0x00,0x00,0x06,0x00,0x00,0x00,0x00,0x06,  // 188
  0x00,0x00,0x00,0x00,0x00,0x00,0x03,0x00,0x00,0x00,0x00,0x03,0x18,0x00,0x00,0x80,0x03,0x18,0x00,0x00,0x80,0x01,0x18,0x00,0x00,0x80,0xFF,0x1F,0x00,0x00,0x80,0xFF,0x1F,0x00,0x00,0x80,0xFF,0x1F,0x00,0x00,0x80,0xFF,0x1F,0x20,0x00,0x00,0x00,0x18,0x30,0x00,0x00,0x00,0x18,0x3C,0x00,0x00,0x00,0x18,0x3F,0x00,0x00,0x00,0x80,0x1F,0x00,0x00,0x00,0xE0,0x07,0x00,0x00,0x00,0xF0,0x01,0x00,0x00,0x00,0xFC,0x00,0x00,0x00,0x00,0x3F,0x00,0x00,0x00,0x80,0x1F,0x00,0x00,0x00,0xE0,0x07,0x00,0x00,0x00,0xF0,0x01,0x00,0x00,0x00,0xFC,0x00,0x00,0x00,0x00,0x3F,0x0C,0x70,0x00,0x80,0x1F,0x0E,0x78,0x00,0x80,0x07,0x06,0x7C,0x00,0x80,0x01,0x06,0x7E,0x00,0x80,0x00,0x06,0x6F,0x00,0x00,0x00,0x06,0x67,0x00,0x00,0x00,0xCE,0x67,0x00,0x00,0x00,0xFE,0x63,0x00,0x00,0x00,0xFC,0x61,0x00,0x00,0x00,0xFC,0x60,0x00,0x00,0x00,0x78,0x60, // 189
  0x00,0x00,0x00,0x00,0x00,0x80,0x03,0x0C,0x00,0x00,0x80,0x01,0x18,0x00,0x00,0x80,0x31,0x18,0x00,0x00,0x80,0x31,0x18,0x00,0x00,0x80,0x31,0x18,0x00,0x00,0x80,0x31,0x18,0x00,0x00,0x80,0x7B,0x1C,0x00,0x00,0x80,0xFF,0x1F,0x20,0x00,0x80,0xFF,0x0F,0x30,0x00,0x00,0xCF,0x0F,0x3C,0x00,0x00,0x8E,0x07,0x3F,0x00,0x00,0x00,0x80,0x1F,0x00,0x00,0x00,0xE0,0x07,0x00,0x00,0x00,0xF0,0x01,0x00,0x00,0x00,0xFC,0x00,0x00,0x00,0x00,0x3F,0x00,0x00,0x00,0x80,0x1F,0x00,0x00,0x00,0xE0,0x07,0x00,0x00,0x00,0xF0,0x01,0x07,0x00,0x00,0xFC,0xC0,0x07,0x00,0x00,0x3F,0xE0,0x06,0x00,0x80,0x1F,0x78,0x06,0x00,0x80,0x07,0x3C,0x06,0x00,0x80,0x01,0x0E,0x06,0x00,0x80,0x00,0xFE,0x3F,0x00,0x00,0x00,0xFE,0x3F,0x00,0x00,0x00,0xFE,0x3F,0x00,0x00,0x00,0xFE,0x3F,0x00,0x00,0x00,0x00,0x06,0x00,0x00,0x00,0x00,0x06,  // 190
  0x00,0x00,0x00,0x00,0x00,0x00,0x00,0x00,0x00,0x00,0x00,0x00,0x00,0xF0,0x01,0x00,0x00,0x00,0xFC,0x07,0x00,0x00,0x00,0xFE,0x0F,0x00,0x00,0x00,0xFF,0x0F,0x00,0x00,0x80,0xFF,0x1F,0x00,0xF0,0xF3,0xFF,0x1F,0x00,0xF0,0xF3,0x1F,0x1F,0x00,0xF0,0xF3,0x07,0x1E,0x00,0xF0,0xF3,0x03,0x1E,0x00,0xF0,0xF3,0x01,0x1E,0x00,0xF0,0xF3,0x00,0x1E,0x00,0x00,0x00,0x00,0x1F,0x00,0x00,0x00,0x00,0x0F,0x00,0x00,0x00,0x80,0x0F,  // 191
  0x00,0x00,0x00,0x20,0x00,0x00,0x00,0x00,0x3C,0x00,0x00,0x00,0x80,0x3F,0x00,0x00,0x00,0xF0,0x3F,0x00,0x00,0x00,0xFC,0x3F,0x00,0x00,0x80,0xFF,0x3F,0x00,0x00,0xF0,0xFF,0x3F,0x00,0x00,0xFC,0xFF,0x07,0x00,0x81,0xFF,0xFF,0x01,0x00,0x83,0xFF,0xFF,0x01,0x00,0x87,0xFF,0xE7,0x01,0x00,0x8F,0xFF,0xE0,0x01,0x00,0x8E,0xFF,0xE0,0x01,0x00,0x8C,0xFF,0xE7,0x01,0x00,0x88,0xFF,0xFF,0x01,0x00,0x80,0xFF,0xFF,0x01,0x00,0x00,0xFC,0xFF,0x07,0x00,0x00,0xF0,0xFF,0x3F,0x00,0x00,0x80,0xFF,0x3F,0x00,0x00,0x00,0xFC,0x3F,0x00,0x00,0x00,0xE0,0x3F,0x00,0x00,0x00,0x80,0x3F,0x00,0x00,0x00,0x00,0x3C,0x00,0x00,0x00,0x00,0x20, // 192
  0x00,0x00,0x00,0x20,0x00,0x00,0x00,0x00,0x3C,0x00,0x00,0x00,0x80,0x3F,0x00,0x00,0x00,0xF0,0x3F,0x00,0x00,0x00,0xFC,0x3F,0x00,0x00,0x80,0xFF,0x3F,0x00,0x00,0xF0,0xFF,0x3F,0x00,0x00,0xFC,0xFF,0x07,0x00,0x80,0xFF,0xFF,0x01,0x00,0x80,0xFF,0xFF,0x01,0x00,0x88,0xFF,0xE7,0x01,0x00,0x8C,0xFF,0xE0,0x01,0x00,0x8E,0xFF,0xE0,0x01,0x00,0x8F,0xFF,0xE7,0x01,0x00,0x87,0xFF,0xFF,0x01,0x00,0x83,0xFF,0xFF,0x01,0x00,0x01,0xFC,0xFF,0x07,0x00,0x00,0xF0,0xFF,0x3F,0x00,0x00,0x80,0xFF,0x3F,0x00,0x00,0x00,0xFC,0x3F,0x00,0x00,0x00,0xE0,0x3F,0x00,0x00,0x00,0x80,0x3F,0x00,0x00,0x00,0x00,0x3C,0x00,0x00,0x00,0x00,0x20, // 193
  0x00,0x00,0x00,0x20,0x00,0x00,0x00,0x00,0x3C,0x00,0x00,0x00,0x80,0x3F,0x00,0x00,0x00,0xF0,0x3F,0x00,0x00,0x00,0xFC,0x3F,0x00,0x00,0x80,0xFF,0x3F,0x00,0x08,0xF0,0xFF,0x3F,0x00,0x0C,0xFC,0xFF,0x07,0x00,0x8E,0xFF,0xFF,0x01,0x00,0x87,0xFF,0xFF,0x01,0x00,0x87,0xFF,0xE7,0x01,0x00,0x83,0xFF,0xE0,0x01,0x00,0x83,0xFF,0xE0,0x01,0x00,0x87,0xFF,0xE7,0x01,0x00,0x87,0xFF,0xFF,0x01,0x00,0x8E,0xFF,0xFF,0x01,0x00,0x0C,0xFC,0xFF,0x07,0x00,0x08,0xF0,0xFF,0x3F,0x00,0x00,0x80,0xFF,0x3F,0x00,0x00,0x00,0xFC,0x3F,0x00,0x00,0x00,0xE0,0x3F,0x00,0x00,0x00,0x80,0x3F,0x00,0x00,0x00,0x00,0x3C,0x00,0x00,0x00,0x00,0x20, // 194
  0x00,0x00,0x00,0x20,0x00,0x00,0x00,0x00,0x3C,0x00,0x00,0x00,0x80,0x3F,0x00,0x00,0x00,0xF0,0x3F,0x00,0x00,0x00,0xFC,0x3F,0x00,0x00,0x80,0xFF,0x3F,0x00,0x0C,0xF0,0xFF,0x3F,0x00,0x0E,0xFC,0xFF,0x07,0x00,0x87,0xFF,0xFF,0x01,0x00,0x83,0xFF,0xFF,0x01,0x00,0x83,0xFF,0xE7,0x01,0x00,0x86,0xFF,0xE0,0x01,0x00,0x86,0xFF,0xE0,0x01,0x00,0x8C,0xFF,0xE7,0x01,0x00,0x8C,0xFF,0xFF,0x01,0x00,0x8E,0xFF,0xFF,0x01,0x00,0x07,0xFC,0xFF,0x07,0x00,0x03,0xF0,0xFF,0x3F,0x00,0x00,0x80,0xFF,0x3F,0x00,0x00,0x00,0xFC,0x3F,0x00,0x00,0x00,0xE0,0x3F,0x00,0x00,0x00,0x80,0x3F,0x00,0x00,0x00,0x00,0x3C,0x00,0x00,0x00,0x00,0x20, // 195
  0x00,0x00,0x00,0x20,0x00,0x00,0x00,0x00,0x3C,0x00,0x00,0x00,0x80,0x3F,0x00,0x00,0x00,0xF0,0x3F,0x00,0x00,0x00,0xFC,0x3F,0x00,0x00,0x80,0xFF,0x3F,0x00,0x00,0xF0,0xFF,0x3F,0x00,0x0F,0xFC,0xFF,0x07,0x00,0x8F,0xFF,0xFF,0x01,0x00,0x8F,0xFF,0xFF,0x01,0x00,0x8F,0xFF,0xE7,0x01,0x00,0x80,0xFF,0xE0,0x01,0x00,0x80,0xFF,0xE0,0x01,0x00,0x8F,0xFF,0xE7,0x01,0x00,0x8F,0xFF,0xFF,0x01,0x00,0x8F,0xFF,0xFF,0x01,0x00,0x0F,0xFC,0xFF,0x07,0x00,0x00,0xF0,0xFF,0x3F,0x00,0x00,0x80,0xFF,0x3F,0x00,0x00,0x00,0xFC,0x3F,0x00,0x00,0x00,0xE0,0x3F,0x00,0x00,0x00,0x80,0x3F,0x00,0x00,0x00,0x00,0x3C,0x00,0x00,0x00,0x00,0x20, // 196
  0x00,0x00,0x00,0x20,0x00,0x00,0x00,0x00,0x3C,0x00,0x00,0x00,0x80,0x3F,0x00,0x00,0x00,0xE0,0x3F,0x00,0x00,0x00,0xFC,0x3F,0x00,0x00,0x80,0xFF,0x3F,0x00,0x00,0xE0,0xFF,0x3F,0x00,0x00,0xFC,0xFF,0x07,0x00,0xFC,0xFF,0xFF,0x01,0x00,0xFE,0xFF,0xFF,0x01,0x00,0xC7,0xFF,0xE7,0x01,0x00,0x83,0xFF,0xE1,0x01,0x00,0x83,0xFF,0xE1,0x01,0x00,0xC7,0xFF,0xE7,0x01,0x00,0xFE,0xFF,0xFF,0x01,0x00,0x7C,0xFF,0xFF,0x01,0x00,0x00,0xFC,0xFF,0x07,0x00,0x00,0xE0,0xFF,0x3F,0x00,0x00,0x80,0xFF,0x3F,0x00,0x00,0x00,0xFC,0x3F,0x00,0x00,0x00,0xE0,0x3F,0x00,0x00,0x00,0x80,0x3F,0x00,0x00,0x00,0x00,0x3C,0x00,0x00,0x00,0x00,0x20, // 197
  0x00,0x00,0x00,0x20,0x00,0x00,0x00,0x00,0x3C,0x00,0x00,0x00,0x00,0x3F,0x00,0x00,0x00,0xE0,0x3F,0x00,0x00,0x00,0xF8,0x3F,0x00,0x00,0x00,0xFF,0x3F,0x00,0x00,0xC0,0xFF,0x3F,0x00,0x00,0xF8,0xFF,0x07,0x00,0x00,0xFE,0xFF,0x01,0x00,0x80,0xFF,0xFF,0x00,0x00,0x80,0xFF,0xFF,0x00,0x00,0x80,0xFF,0xF3,0x00,0x00,0x80,0x7F,0xF0,0x00,0x00,0x80,0x1F,0xF0,0x00,0x00,0x80,0x07,0xF0,0x00,0x00,0x80,0xFF,0xFF,0x3F,0x00,0x80,0xFF,0xFF,0x3F,0x00,0x80,0xFF,0xFF,0x3F,0x00,0x80,0xFF,0xFF,0x3F,0x00,0x80,0xFF,0xFF,0x3F,0x00,0x80,0xFF,0xFF,0x3F,0x00,0x80,0x07,0x0F,0x3C,0x00,0x80,0x07,0x0F,0x3C,0x00,0x80,0x07,0x0F,0x3C,0x00,0x80,0x07,0x0F,0x3C,0x00,0x80,0x07,0x0F,0x3C,0x00,0x80,0x07,0x0F,0x3C,0x00,0x80,0x07,0x0F,0x3C,0x00,0x80,0x07,0x0F,0x3C,0x00,0x80,0x07,0x0F,0x3C,0x00,0x80,0x07,0x0F,0x3C,0x00,0x80,0x07,0x00,0x3C, // 198
  0x00,0x00,0x00,0x00,0x00,0x00,0x00,0x00,0x00,0x00,0x00,0x80,0x3F,0x00,0x00,0x00,0xF0,0xFF,0x01,0x00,0x00,0xF8,0xFF,0x03,0x00,0x00,0xFC,0xFF,0x07,0x00,0x00,0xFE,0xFF,0x0F,0x00,0x00,0xFE,0xFF,0x0F,0x00,0x00,0x7F,0xC0,0x1F,0x00,0x00,0x1F,0x00,0x1F,0x00,0x80,0x0F,0x00,0x3E,0x0C,0x80,0x0F,0x00,0x3E,0x0C,0x80,0x07,0x00,0x3C,0x0C,0x80,0x07,0x00,0x7C,0x0C,0x80,0x07,0x00,0xFC,0x0F,0x80,0x07,0x00,0xBC,0x0F,0x80,0x07,0x00,0x3C,0x07,0x80,0x07,0x00,0x3C,0x00,0x80,0x07,0x00,0x3C,0x00,0x00,0x0F,0x00,0x1E,0x00,0x00,0x0F,0x00,0x1E,0x00,0x00,0x1F,0x00,0x1F, // 199
  0x00,0x00,0x00,0x00,0x00,0x00,0x00,0x00,0x00,0x00,0x00,0x00,0x00,0x00,0x00,0x80,0xFF,0xFF,0x3F,0x00,0x80,0xFF,0xFF,0x3F,0x00,0x80,0xFF,0xFF,0x3F,0x00,0x80,0xFF,0xFF,0x3F,0x00,0x81,0xFF,0xFF,0x3F,0x00,0x83,0xFF,0xFF,0x3F,0x00,0x87,0x07,0x0F,0x3C,0x00,0x8F,0x07,0x0F,0x3C,0x00,0x8E,0x07,0x0F,0x3C,0x00,0x8C,0x07,0x0F,0x3C,0x00,0x88,0x07,0x0F,0x3C,0x00,0x80,0x07,0x0F,0x3C,0x00,0x80,0x07,0x0F,0x3C,0x00,0x80,0x07,0x0F,0x3C,0x00,0x80,0x07,0x0F,0x3C,0x00,0x80,0x07,0x0F,0x3C,0x00,0x80,0x07,0x00,0x3C, // 200
  0x00,0x00,0x00,0x00,0x00,0x00,0x00,0x00,0x00,0x00,0x00,0x00,0x00,0x00,0x00,0x80,0xFF,0xFF,0x3F,0x00,0x80,0xFF,0xFF,0x3F,0x00,0x80,0xFF,0xFF,0x3F,0x00,0x80,0xFF,0xFF,0x3F,0x00,0x80,0xFF,0xFF,0x3F,0x00,0x80,0xFF,0xFF,0x3F,0x00,0x88,0x07,0x0F,0x3C,0x00,0x8C,0x07,0x0F,0x3C,0x00,0x8E,0x07,0x0F,0x3C,0x00,0x8F,0x07,0x0F,0x3C,0x00,0x87,0x07,0x0F,0x3C,0x00,0x83,0x07,0x0F,0x3C,0x00,0x81,0x07,0x0F,0x3C,0x00,0x80,0x07,0x0F,0x3C,0x00,0x80,0x07,0x0F,0x3C,0x00,0x80,0x07,0x0F,0x3C,0x00,0x80,0x07,0x00,0x3C, // 201
  0x00,0x00,0x00,0x00,0x00,0x00,0x00,0x00,0x00,0x00,0x00,0x00,0x00,0x00,0x00,0x80,0xFF,0xFF,0x3F,0x00,0x80,0xFF,0xFF,0x3F,0x00,0x88,0xFF,0xFF,0x3F,0x00,0x8C,0xFF,0xFF,0x3F,0x00,0x8E,0xFF,0xFF,0x3F,0x00,0x87,0xFF,0xFF,0x3F,0x00,0x87,0x07,0x0F,0x3C,0x00,0x83,0x07,0x0F,0x3C,0x00,0x83,0x07,0x0F,0x3C,0x00,0x87,0x07,0x0F,0x3C,0x00,0x87,0x07,0x0F,0x3C,0x00,0x8E,0x07,0x0F,0x3C,0x00,0x8C,0x07,0x0F,0x3C,0x00,0x88,0x07,0x0F,0x3C,0x00,0x80,0x07,0x0F,0x3C,0x00,0x80,0x07,0x0F,0x3C,0x00,0x80,0x07,0x00,0x3C, // 202
  0x00,0x00,0x00,0x00,0x00,0x00,0x00,0x00,0x00,0x00,0x00,0x00,0x00,0x00,0x00,0x80,0xFF,0xFF,0x3F,0x00,0x80,0xFF,0xFF,0x3F,0x00,0x80,0xFF,0xFF,0x3F,0x00,0x8F,0xFF,0xFF,0x3F,0x00,0x8F,0xFF,0xFF,0x3F,0x00,0x8F,0xFF,0xFF,0x3F,0x00,0x8F,0x07,0x0F,0x3C,0x00,0x80,0x07,0x0F,0x3C,0x00,0x80,0x07,0x0F,0x3C,0x00,0x80,0x07,0x0F,0x3C,0x00,0x8F,0x07,0x0F,0x3C,0x00,0x8F,0x07,0x0F,0x3C,0x00,0x8F,0x07,0x0F,0x3C,0x00,0x8F,0x07,0x0F,0x3C,0x00,0x80,0x07,0x0F,0x3C,0x00,0x80,0x07,0x0F,0x3C,0x00,0x80,0x07,0x00,0x3C, // 203
  0x00,0x00,0x00,0x00,0x00,0x00,0x00,0x00,0x00,0x00,0x01,0x00,0x00,0x00,0x00,0x83,0xFF,0xFF,0x3F,0x00,0x87,0xFF,0xFF,0x3F,0x00,0x8F,0xFF,0xFF,0x3F,0x00,0x8E,0xFF,0xFF,0x3F,0x00,0x8C,0xFF,0xFF,0x3F,0x00,0x88,0xFF,0xFF,0x3F,  // 204
  0x00,0x00,0x00,0x00,0x00,0x00,0x00,0x00,0x00,0x00,0x00,0x00,0x00,0x00,0x00,0x80,0xFF,0xFF,0x3F,0x00,0x88,0xFF,0xFF,0x3F,0x00,0x8C,0xFF,0xFF,0x3F,0x00,0x8E,0xFF,0xFF,0x3F,0x00,0x8F,0xFF,0xFF,0x3F,0x00,0x87,0xFF,0xFF,0x3F,0x00,0x03,0x00,0x00,0x00,0x00,0x01, // 205
  0x08,0x00,0x00,0x00,0x00,0x0C,0x00,0x00,0x00,0x00,0x0E,0x00,0x00,0x00,0x00,0x87,0xFF,0xFF,0x3F,0x00,0x87,0xFF,0xFF,0x3F,0x00,0x83,0xFF,0xFF,0x3F,0x00,0x83,0xFF,0xFF,0x3F,0x00,0x87,0xFF,0xFF,0x3F,0x00,0x87,0xFF,0xFF,0x3F,0x00,0x0E,0x00,0x00,0x00,0x00,0x0C,0x00,0x00,0x00,0x00,0x08,  // 206
  0x00,0x00,0x00,0x00,0x00,0x0F,0x00,0x00,0x00,0x00,0x0F,0x00,0x00,0x00,0x00,0x8F,0xFF,0xFF,0x3F,0x00,0x8F,0xFF,0xFF,0x3F,0x00,0x80,0xFF,0xFF,0x3F,0x00,0x80,0xFF,0xFF,0x3F,0x00,0x8F,0xFF,0xFF,0x3F,0x00,0x8F,0xFF,0xFF,0x3F,0x00,0x0F,0x00,0x00,0x00,0x00,0x0F, // 207
  0x00,0x00,0x1E,0x00,0x00,0x00,0x00,0x1E,0x00,0x00,0x00,0x00,0x1E,0x00,0x00,0x80,0xFF,0xFF,0x3F,0x00,0x80,0xFF,0xFF,0x3F,0x00,0x80,0xFF,0xFF,0x3F,0x00,0x80,0xFF,0xFF,0x3F,0x00,0x80,0xFF,0xFF,0x3F,0x00,0x80,0xFF,0xFF,0x3F,0x00,0x80,0x07,0x1E,0x3C,0x00,0x80,0x07,0x1E,0x3C,0x00,0x80,0x07,0x1E,0x3C,0x00,0x80,0x07,0x1E,0x3C,0x00,0x80,0x07,0x00,0x3C,0x00,0x80,0x07,0x00,0x3C,0x00,0x80,0x0F,0x00,0x3E,0x00,0x00,0x0F,0x00,0x1E,0x00,0x00,0x1F,0x00,0x1F,0x00,0x00,0x7F,0xC0,0x1F,0x00,0x00,0xFE,0xFF,0x0F,0x00,0x00,0xFE,0xFF,0x0F,0x00,0x00,0xFC,0xFF,0x07,0x00,0x00,0xF8,0xFF,0x03,0x00,0x00,0xE0,0xFF,0x01,0x00,0x00,0x80,0x3F, // 208
  0x00,0x00,0x00,0x00,0x00,0x00,0x00,0x00,0x00,0x00,0x00,0x00,0x00,0x00,0x00,0x80,0xFF,0xFF,0x3F,0x00,0x80,0xFF,0xFF,0x3F,0x00,0x80,0xFF,0xFF,0x3F,0x00,0x80,0xFF,0xFF,0x3F,0x00,0x80,0xFF,0xFF,0x3F,0x00,0x8E,0xFF,0xFF,0x3F,0x00,0x8F,0x7F,0x00,0x00,0x00,0x03,0xFF,0x01,0x00,0x00,0x03,0xFC,0x07,0x00,0x00,0x03,0xF0,0x1F,0x00,0x00,0x06,0xC0,0x7F,0x00,0x00,0x0C,0x00,0xFF,0x01,0x00,0x0C,0x00,0xFC,0x07,0x00,0x0C,0x00,0xF0,0x1F,0x00,0x0F,0x00,0xC0,0x3F,0x00,0x87,0xFF,0xFF,0x3F,0x00,0x80,0xFF,0xFF,0x3F,0x00,0x80,0xFF,0xFF,0x3F,0x00,0x80,0xFF,0xFF,0x3F,0x00,0x80,0xFF,0xFF,0x3F,0x00,0x80,0xFF,0xFF,0x3F, // 209
  0x00,0x00,0x00,0x00,0x00,0x00,0x00,0x00,0x00,0x00,0x00,0x80,0x3F,0x00,0x00,0x00,0xF0,0xFF,0x01,0x00,0x00,0xF8,0xFF,0x03,0x00,0x00,0xFC,0xFF,0x07,0x00,0x00,0xFE,0xFF,0x0F,0x00,0x00,0xFF,0xFF,0x1F,0x00,0x00,0x7F,0xC0,0x1F,0x00,0x01,0x1F,0x00,0x1F,0x00,0x83,0x0F,0x00,0x3E,0x00,0x87,0x07,0x00,0x3C,0x00,0x8F,0x07,0x00,0x3C,0x00,0x8E,0x07,0x00,0x3C,0x00,0x8C,0x07,0x00,0x3C,0x00,0x88,0x07,0x00,0x3C,0x00,0x80,0x07,0x00,0x3C,0x00,0x80,0x0F,0x00,0x3E,0x00,0x00,0x1F,0x00,0x1F,0x00,0x00,0x7F,0xC0,0x1F,0x00,0x00,0xFF,0xFF,0x1F,0x00,0x00,0xFE,0xFF,0x0F,0x00,0x00,0xFC,0xFF,0x07,0x00,0x00,0xF8,0xFF,0x03,0x00,0x00,0xF0,0xFF,0x01,0x00,0x00,0x80,0x3F,  // 210
  0x00,0x00,0x00,0x00,0x00,0x00,0x00,0x00,0x00,0x00,0x00,0x80,0x3F,0x00,0x00,0x00,0xF0,0xFF,0x01,0x00,0x00,0xF8,0xFF,0x03,0x00,0x00,0xFC,0xFF,0x07,0x00,0x00,0xFE,0xFF,0x0F,0x00,0x00,0xFF,0xFF,0x1F,0x00,0x00,0x7F,0xC0,0x1F,0x00,0x00,0x1F,0x00,0x1F,0x00,0x80,0x0F,0x00,0x3E,0x00,0x88,0x07,0x00,0x3C,0x00,0x8C,0x07,0x00,0x3C,0x00,0x8E,0x07,0x00,0x3C,0x00,0x8F,0x07,0x00,0x3C,0x00,0x87,0x07,0x00,0x3C,0x00,0x83,0x07,0x00,0x3C,0x00,0x81,0x0F,0x00,0x3E,0x00,0x00,0x1F,0x00,0x1F,0x00,0x00,0x7F,0xC0,0x1F,0x00,0x00,0xFF,0xFF,0x1F,0x00,0x00,0xFE,0xFF,0x0F,0x00,0x00,0xFC,0xFF,0x07,0x00,0x00,0xF8,0xFF,0x03,0x00,0x00,0xF0,0xFF,0x01,0x00,0x00,0x80,0x3F,  // 211
  0x00,0x00,0x00,0x00,0x00,0x00,0x00,0x00,0x00,0x00,0x00,0x80,0x3F,0x00,0x00,0x00,0xF0,0xFF,0x01,0x00,0x00,0xF8,0xFF,0x03,0x00,0x00,0xFC,0xFF,0x07,0x00,0x00,0xFE,0xFF,0x0F,0x00,0x08,0xFF,0xFF,0x1F,0x00,0x0C,0x7F,0xC0,0x1F,0x00,0x0E,0x1F,0x00,0x1F,0x00,0x87,0x0F,0x00,0x3E,0x00,0x87,0x07,0x00,0x3C,0x00,0x83,0x07,0x00,0x3C,0x00,0x83,0x07,0x00,0x3C,0x00,0x87,0x07,0x00,0x3C,0x00,0x87,0x07,0x00,0x3C,0x00,0x8E,0x07,0x00,0x3C,0x00,0x8C,0x0F,0x00,0x3E,0x00,0x08,0x1F,0x00,0x1F,0x00,0x00,0x7F,0xC0,0x1F,0x00,0x00,0xFF,0xFF,0x1F,0x00,0x00,0xFE,0xFF,0x0F,0x00,0x00,0xFC,0xFF,0x07,0x00,0x00,0xF8,0xFF,0x03,0x00,0x00,0xF0,0xFF,0x01,0x00,0x00,0x80,0x3F,  // 212
  0x00,0x00,0x00,0x00,0x00,0x00,0x00,0x00,0x00,0x00,0x00,0x80,0x3F,0x00,0x00,0x00,0xF0,0xFF,0x01,0x00,0x00,0xF8,0xFF,0x03,0x00,0x00,0xFC,0xFF,0x07,0x00,0x00,0xFE,0xFF,0x0F,0x00,0x00,0xFF,0xFF,0x1F,0x00,0x0C,0x7F,0xC0,0x1F,0x00,0x0E,0x1F,0x00,0x1F,0x00,0x87,0x0F,0x00,0x3E,0x00,0x83,0x07,0x00,0x3C,0x00,0x83,0x07,0x00,0x3C,0x00,0x86,0x07,0x00,0x3C,0x00,0x86,0x07,0x00,0x3C,0x00,0x8C,0x07,0x00,0x3C,0x00,0x8C,0x07,0x00,0x3C,0x00,0x8E,0x0F,0x00,0x3E,0x00,0x07,0x1F,0x00,0x1F,0x00,0x03,0x7F,0xC0,0x1F,0x00,0x00,0xFF,0xFF,0x1F,0x00,0x00,0xFE,0xFF,0x0F,0x00,0x00,0xFC,0xFF,0x07,0x00,0x00,0xF8,0xFF,0x03,0x00,0x00,0xF0,0xFF,0x01,0x00,0x00,0x80,0x3F,  // 213
  0x00,0x00,0x00,0x00,0x00,0x00,0x00,0x00,0x00,0x00,0x00,0x80,0x3F,0x00,0x00,0x00,0xF0,0xFF,0x01,0x00,0x00,0xF8,0xFF,0x03,0x00,0x00,0xFC,0xFF,0x07,0x00,0x00,0xFE,0xFF,0x0F,0x00,0x00,0xFF,0xFF,0x1F,0x00,0x00,0x7F,0xC0,0x1F,0x00,0x0F,0x1F,0x00,0x1F,0x00,0x8F,0x0F,0x00,0x3E,0x00,0x8F,0x07,0x00,0x3C,0x00,0x8F,0x07,0x00,0x3C,0x00,0x80,0x07,0x00,0x3C,0x00,0x80,0x07,0x00,0x3C,0x00,0x8F,0x07,0x00,0x3C,0x00,0x8F,0x07,0x00,0x3C,0x00,0x8F,0x0F,0x00,0x3E,0x00,0x0F,0x1F,0x00,0x1F,0x00,0x00,0x7F,0xC0,0x1F,0x00,0x00,0xFF,0xFF,0x1F,0x00,0x00,0xFE,0xFF,0x0F,0x00,0x00,0xFC,0xFF,0x07,0x00,0x00,0xF8,0xFF,0x03,0x00,0x00,0xF0,0xFF,0x01,0x00,0x00,0x80,0x3F,  // 214
  0x00,0x00,0x00,0x00,0x00,0x00,0x00,0x00,0x00,0x00,0x00,0x00,0x00,0x00,0x00,0x00,0x00,0x00,0x00,0x00,0x00,0x20,0x00,0x08,0x00,0x00,0x70,0x00,0x1C,0x00,0x00,0xF8,0x00,0x3E,0x00,0x00,0xF0,0x01,0x1F,0x00,0x00,0xE0,0x83,0x0F,0x00,0x00,0xC0,0xC7,0x07,0x00,0x00,0x80,0xEF,0x03,0x00,0x00,0x00,0xFF,0x01,0x00,0x00,0x00,0xFE,0x00,0x00,0x00,0x00,0x7C,0x00,0x00,0x00,0x00,0xFE,0x00,0x00,0x00,0x00,0xFF,0x01,0x00,0x00,0x80,0xEF,0x03,0x00,0x00,0xC0,0xC7,0x07,0x00,0x00,0xE0,0x83,0x0F,0x00,0x00,0xF0,0x01,0x1F,0x00,0x00,0xF8,0x00,0x3E,0x00,0x00,0x70,0x00,0x1C,0x00,0x00,0x20,0x00,0x08,  // 215
  0x00,0x00,0x00,0x00,0x00,0x00,0x00,0x00,0x20,0x00,0x00,0x80,0x7F,0x30,0x00,0x00,0xF0,0xFF,0x39,0x00,0x00,0xF8,0xFF,0x1F,0x00,0x00,0xFC,0xFF,0x0F,0x00,0x00,0xFE,0xFF,0x0F,0x00,0x00,0xFF,0xFF,0x1F,0x00,0x00,0x7F,0xC0,0x1F,0x00,0x00,0x1F,0xE0,0x1F,0x00,0x80,0x0F,0x70,0x3E,0x00,0x80,0x07,0x38,0x3C,0x00,0x80,0x07,0x3C,0x3C,0x00,0x80,0x07,0x1E,0x3C,0x00,0x80,0x07,0x0F,0x3C,0x00,0x80,0x87,0x07,0x3C,0x00,0x80,0xCF,0x03,0x3C,0x00,0x80,0xEF,0x01,0x3E,0x00,0x00,0xFF,0x00,0x1F,0x00,0x00,0x7F,0xC0,0x1F,0x00,0x00,0xFF,0xFF,0x1F,0x00,0x00,0xFE,0xFF,0x0F,0x00,0x00,0xFE,0xFF,0x07,0x00,0x00,0xFF,0xFF,0x03,0x00,0x80,0xF3,0xFF,0x01,0x00,0x80,0x81,0x3F,  // 216
  0x00,0x00,0x00,0x00,0x00,0x00,0x00,0x00,0x00,0x00,0x00,0x00,0x00,0x00,0x00,0x80,0xFF,0xFF,0x00,0x00,0x80,0xFF,0xFF,0x07,0x00,0x80,0xFF,0xFF,0x0F,0x00,0x80,0xFF,0xFF,0x0F,0x00,0x80,0xFF,0xFF,0x1F,0x00,0x80,0xFF,0xFF,0x1F,0x00,0x01,0x00,0x00,0x3F,0x00,0x03,0x00,0x00,0x3E,0x00,0x07,0x00,0x00,0x3C,0x00,0x0F,0x00,0x00,0x3C,0x00,0x0E,0x00,0x00,0x3C,0x00,0x0C,0x00,0x00,0x3C,0x00,0x08,0x00,0x00,0x3E,0x00,0x00,0x00,0x00,0x3F,0x00,0x80,0xFF,0xFF,0x1F,0x00,0x80,0xFF,0xFF,0x1F,0x00,0x80,0xFF,0xFF,0x0F,0x00,0x80,0xFF,0xFF,0x0F,0x00,0x80,0xFF,0xFF,0x07,0x00,0x80,0xFF,0xFF, // 217
  0x00,0x00,0x00,0x00,0x00,0x00,0x00,0x00,0x00,0x00,0x00,0x00,0x00,0x00,0x00,0x80,0xFF,0xFF,0x00,0x00,0x80,0xFF,0xFF,0x07,0x00,0x80,0xFF,0xFF,0x0F,0x00,0x80,0xFF,0xFF,0x0F,0x00,0x80,0xFF,0xFF,0x1F,0x00,0x80,0xFF,0xFF,0x1F,0x00,0x00,0x00,0x00,0x3F,0x00,0x00,0x00,0x00,0x3E,0x00,0x08,0x00,0x00,0x3C,0x00,0x0C,0x00,0x00,0x3C,0x00,0x0E,0x00,0x00,0x3C,0x00,0x0F,0x00,0x00,0x3C,0x00,0x07,0x00,0x00,0x3E,0x00,0x03,0x00,0x00,0x3F,0x00,0x81,0xFF,0xFF,0x1F,0x00,0x80,0xFF,0xFF,0x1F,0x00,0x80,0xFF,0xFF,0x0F,0x00,0x80,0xFF,0xFF,0x0F,0x00,0x80,0xFF,0xFF,0x07,0x00,0x80,0xFF,0xFF, // 218
  0x00,0x00,0x00,0x00,0x00,0x00,0x00,0x00,0x00,0x00,0x00,0x00,0x00,0x00,0x00,0x80,0xFF,0xFF,0x00,0x00,0x80,0xFF,0xFF,0x07,0x00,0x80,0xFF,0xFF,0x0F,0x00,0x80,0xFF,0xFF,0x0F,0x00,0x88,0xFF,0xFF,0x1F,0x00,0x8C,0xFF,0xFF,0x1F,0x00,0x0E,0x00,0x00,0x3F,0x00,0x07,0x00,0x00,0x3E,0x00,0x07,0x00,0x00,0x3C,0x00,0x03,0x00,0x00,0x3C,0x00,0x03,0x00,0x00,0x3C,0x00,0x07,0x00,0x00,0x3C,0x00,0x07,0x00,0x00,0x3E,0x00,0x0E,0x00,0x00,0x3F,0x00,0x8C,0xFF,0xFF,0x1F,0x00,0x88,0xFF,0xFF,0x1F,0x00,0x80,0xFF,0xFF,0x0F,0x00,0x80,0xFF,0xFF,0x0F,0x00,0x80,0xFF,0xFF,0x07,0x00,0x80,0xFF,0xFF, // 219
  0x00,0x00,0x00,0x00,0x00,0x00,0x00,0x00,0x00,0x00,0x00,0x00,0x00,0x00,0x00,0x80,0xFF,0xFF,0x00,0x00,0x80,0xFF,0xFF,0x07,0x00,0x80,0xFF,0xFF,0x0F,0x00,0x80,0xFF,0xFF,0x0F,0x00,0x8F,0xFF,0xFF,0x1F,0x00,0x8F,0xFF,0xFF,0x1F,0x00,0x0F,0x00,0x00,0x3F,0x00,0x0F,0x00,0x00,0x3E,0x00,0x00,0x00,0x00,0x3C,0x00,0x00,0x00,0x00,0x3C,0x00,0x00,0x00,0x00,0x3C,0x00,0x00,0x00,0x00,0x3C,0x00,0x0F,0x00,0x00,0x3E,0x00,0x0F,0x00,0x00,0x3F,0x00,0x8F,0xFF,0xFF,0x1F,0x00,0x8F,0xFF,0xFF,0x1F,0x00,0x80,0xFF,0xFF,0x0F,0x00,0x80,0xFF,0xFF,0x0F,0x00,0x80,0xFF,0xFF,0x07,0x00,0x80,0xFF,0xFF, // 220
  0x80,0x00,0x00,0x00,0x00,0x80,0x01,0x00,0x00,0x00,0x80,0x07,0x00,0x00,0x00,0x80,0x0F,0x00,0x00,0x00,0x80,0x3F,0x00,0x00,0x00,0x80,0x7F,0x00,0x00,0x00,0x80,0xFF,0x01,0x00,0x00,0x80,0xFF,0x03,0x00,0x00,0x00,0xFE,0x0F,0x00,0x00,0x08,0xFC,0xFF,0x3F,0x00,0x0C,0xF0,0xFF,0x3F,0x00,0x0E,0xE0,0xFF,0x3F,0x00,0x0F,0xE0,0xFF,0x3F,0x00,0x07,0xF0,0xFF,0x3F,0x00,0x03,0xFC,0xFF,0x3F,0x00,0x01,0xFE,0x0F,0x00,0x00,0x80,0xFF,0x03,0x00,0x00,0x80,0xFF,0x01,0x00,0x00,0x80,0x7F,0x00,0x00,0x00,0x80,0x3F,0x00,0x00,0x00,0x80,0x0F,0x00,0x00,0x00,0x80,0x07,0x00,0x00,0x00,0x80,0x01,  // 221
  0x00,0x00,0x00,0x00,0x00,0x00,0x00,0x00,0x00,0x00,0x00,0x00,0x00,0x00,0x00,0x80,0xFF,0xFF,0x3F,0x00,0x80,0xFF,0xFF,0x3F,0x00,0x80,0xFF,0xFF,0x3F,0x00,0x80,0xFF,0xFF,0x3F,0x00,0x80,0xFF,0xFF,0x3F,0x00,0x80,0xFF,0xFF,0x3F,0x00,0x00,0x78,0xC0,0x03,0x00,0x00,0x78,0xC0,0x03,0x00,0x00,0x78,0xC0,0x03,0x00,0x00,0x78,0xC0,0x03,0x00,0x00,0x78,0xC0,0x03,0x00,0x00,0xF8,0xE0,0x03,0x00,0x00,0xF8,0xF1,0x03,0x00,0x00,0xF8,0xFF,0x03,0x00,0x00,0xF0,0xFF,0x01,0x00,0x00,0xF0,0xFF,0x01,0x00,0x00,0xE0,0xFF,0x00,0x00,0x00,0xC0,0x7F,0x00,0x00,0x00,0x00,0x1F,  // 222
  0x00,0x00,0x00,0x00,0x00,0x00,0x00,0x00,0x00,0x00,0x00,0x00,0x00,0x00,0x00,0x00,0xFC,0xFF,0x3F,0x00,0x00,0xFF,0xFF,0x3F,0x00,0x80,0xFF,0xFF,0x3F,0x00,0x80,0xFF,0xFF,0x3F,0x00,0x80,0xFF,0xFF,0x3F,0x00,0xC0,0xFF,0xFF,0x3F,0x00,0xC0,0x07,0x00,0x00,0x00,0xC0,0x03,0x00,0x00,0x00,0xC0,0x83,0x07,0x1E,0x00,0xC0,0xC3,0x0F,0x3C,0x00,0xC0,0xE3,0x1F,0x3C,0x00,0xC0,0xE7,0x3F,0x3C,0x00,0x80,0xFF,0x7F,0x3E,0x00,0x80,0x7F,0xFC,0x3F,0x00,0x00,0x3F,0xFC,0x3F,0x00,0x00,0x3F,0xF8,0x3F,0x00,0x00,0x3C,0xF0,0x1F,0x00,0x00,0x00,0xF0,0x0F,0x00,0x00,0x00,0xC0,0x07, // 223
  0x00,0x00,0x00,0x00,0x00,0x00,0x00,0xC0,0x07,0x00,0x00,0x00,0xE0,0x0F,0x00,0x00,0xE0,0xF1,0x1F,0x00,0x10,0xE0,0xF1,0x3F,0x00,0x30,0xF0,0xF8,0x3F,0x00,0x70,0xF0,0xF8,0x3F,0x00,0xF0,0xF0,0x78,0x3E,0x00,0xF0,0xF1,0x38,0x3C,0x00,0xE0,0xF3,0x38,0x3C,0x00,0x80,0xF3,0x38,0x1C,0x00,0x00,0xF3,0x38,0x1E,0x00,0x00,0xF2,0x39,0x0F,0x00,0x00,0xF0,0xFF,0x3F,0x00,0x00,0xE0,0xFF,0x3F,0x00,0x00,0xE0,0xFF,0x3F,0x00,0x00,0xC0,0xFF,0x3F,0x00,0x00,0x80,0xFF,0x3F,0x00,0x00,0x00,0xFE,0x3F,  // 224
  0x00,0x00,0x00,0x00,0x00,0x00,0x00,0xC0,0x07,0x00,0x00,0x00,0xE0,0x0F,0x00,0x00,0xE0,0xF1,0x1F,0x00,0x00,0xE0,0xF1,0x3F,0x00,0x00,0xF0,0xF8,0x3F,0x00,0x00,0xF0,0xF8,0x3F,0x00,0x00,0xF0,0x78,0x3E,0x00,0x00,0xF0,0x38,0x3C,0x00,0x00,0xF2,0x38,0x3C,0x00,0x00,0xF3,0x38,0x1C,0x00,0x80,0xF3,0x38,0x1E,0x00,0xE0,0xF3,0x39,0x0F,0x00,0xF0,0xF1,0xFF,0x3F,0x00,0xF0,0xE0,0xFF,0x3F,0x00,0x70,0xE0,0xFF,0x3F,0x00,0x30,0xC0,0xFF,0x3F,0x00,0x10,0x80,0xFF,0x3F,0x00,0x00,0x00,0xFE,0x3F,  // 225
  0x00,0x00,0x00,0x00,0x00,0x00,0x00,0xC0,0x07,0x00,0x00,0x00,0xE0,0x0F,0x00,0x00,0xE0,0xF1,0x1F,0x00,0x00,0xE0,0xF1,0x3F,0x00,0x00,0xF2,0xF8,0x3F,0x00,0x00,0xF3,0xF8,0x3F,0x00,0xC0,0xF3,0x78,0x3E,0x00,0xE0,0xF1,0x38,0x3C,0x00,0xF0,0xF0,0x38,0x3C,0x00,0x70,0xF0,0x38,0x1C,0x00,0x70,0xF0,0x38,0x1E,0x00,0xF0,0xF0,0x39,0x0F,0x00,0xE0,0xF1,0xFF,0x3F,0x00,0xC0,0xE3,0xFF,0x3F,0x00,0x00,0xE3,0xFF,0x3F,0x00,0x00,0xC2,0xFF,0x3F,0x00,0x00,0x80,0xFF,0x3F,0x00,0x00,0x00,0xFE,0x3F,  // 226
  0x00,0x00,0x00,0x00,0x00,0x00,0x00,0xC0,0x07,0x00,0x00,0x00,0xE0,0x0F,0x00,0x00,0xE0,0xF1,0x1F,0x00,0x00,0xE0,0xF1,0x3F,0x00,0x00,0xF0,0xF8,0x3F,0x00,0xE0,0xF0,0xF8,0x3F,0x00,0xF0,0xF0,0x78,0x3E,0x00,0x30,0xF0,0x38,0x3C,0x00,0x30,0xF0,0x38,0x3C,0x00,0x60,0xF0,0x38,0x1C,0x00,0x60,0xF0,0x38,0x1E,0x00,0xC0,0xF0,0x39,0x0F,0x00,0xC0,0xF0,0xFF,0x3F,0x00,0xF0,0xE0,0xFF,0x3F,0x00,0x70,0xE0,0xFF,0x3F,0x00,0x00,0xC0,0xFF,0x3F,0x00,0x00,0x80,0xFF,0x3F,0x00,0x00,0x00,0xFE,0x3F,  // 227
  0x00,0x00,0x00,0x00,0x00,0x00,0x00,0xC0,0x07,0x00,0x00,0x00,0xE0,0x0F,0x00,0x00,0xE0,0xF1,0x1F,0x00,0x00,0xE0,0xF1,0x3F,0x00,0x00,0xF0,0xF8,0x3F,0x00,0xE0,0xF1,0xF8,0x3F,0x00,0xE0,0xF1,0x78,0x3E,0x00,0xE0,0xF1,0x38,0x3C,0x00,0xE0,0xF1,0x38,0x3C,0x00,0x00,0xF0,0x38,0x1C,0x00,0x00,0xF0,0x38,0x1E,0x00,0x00,0xF0,0x39,0x0F,0x00,0xE0,0xF1,0xFF,0x3F,0x00,0xE0,0xE1,0xFF,0x3F,0x00,0xE0,0xE1,0xFF,0x3F,0x00,0xE0,0xC1,0xFF,0x3F,0x00,0x00,0x80,0xFF,0x3F,0x00,0x00,0x00,0xFE,0x3F,  // 228
  0x00,0x00,0x00,0x00,0x00,0x00,0x00,0xC0,0x07,0x00,0x00,0x00,0xE0,0x0F,0x00,0x00,0xE0,0xF1,0x1F,0x00,0x00,0xE0,0xF1,0x3F,0x00,0x00,0xF0,0xF8,0x3F,0x00,0x00,0xF0,0xF8,0x3F,0x00,0xF0,0xF1,0x78,0x3E,0x00,0xF8,0xF3,0x38,0x3C,0x00,0x1C,0xF7,0x38,0x3C,0x00,0x0C,0xF6,0x38,0x1C,0x00,0x0C,0xF6,0x38,0x1E,0x00,0x0C,0xF6,0x39,0x0F,0x00,0x18,0xF7,0xFF,0x3F,0x00,0xF8,0xE3,0xFF,0x3F,0x00,0xF0,0xE1,0xFF,0x3F,0x00,0x00,0xC0,0xFF,0x3F,0x00,0x00,0x80,0xFF,0x3F,0x00,0x00,0x00,0xFE,0x3F,  // 229
  0x00,0x00,0x00,0x00,0x00,0x00,0x00,0xC0,0x07,0x00,0x00,0x00,0xE0,0x0F,0x00,0x00,0xE0,0xF1,0x1F,0x00,0x00,0xE0,0xF1,0x1F,0x00,0x00,0xF0,0xF8,0x3F,0x00,0x00,0xF0,0xF8,0x3F,0x00,0x00,0xF0,0x78,0x3E,0x00,0x00,0xF0,0x38,0x3C,0x00,0x00,0xF0,0x38,0x3C,0x00,0x00,0xF0,0x38,0x3C,0x00,0x00,0xF0,0x38,0x1E,0x00,0x00,0xF0,0x39,0x1E,0x00,0x00,0xF0,0xFF,0x0F,0x00,0x00,0xE0,0xFF,0x07,0x00,0x00,0xE0,0xFF,0x0F,0x00,0x00,0xC0,0xFF,0x0F,0x00,0x00,0xE0,0xFF,0x1F,0x00,0x00,0xE0,0xFF,0x1F,0x00,0x00,0xF0,0x73,0x3F,0x00,0x00,0xF0,0x71,0x3E,0x00,0x00,0xF0,0x70,0x3C,0x00,0x00,0xF0,0x70,0x3C,0x00,0x00,0xF0,0x70,0x3C,0x00,0x00,0xF0,0x71,0x3C,0x00,0x00,0xF0,0x73,0x3C,0x00,0x00,0xE0,0x7F,0x3C,0x00,0x00,0xE0,0x7F,0x1E,0x00,0x00,0xC0,0x7F,0x1E,0x00,0x00,0x80,0x7F,0x1E,0x00,0x00,0x00,0x7F,0x0F,0x00,0x00,0x00,0x7C,  // 230
  0x00,0x00,0x00,0x00,0x00,0x00,0x00,0xFC,0x00,0x00,0x00,0x00,0xFF,0x03,0x00,0x00,0xC0,0xFF,0x0F,0x00,0x00,0xC0,0xFF,0x0F,0x00,0x00,0xE0,0xFF,0x1F,0x00,0x00,0xE0,0xFF,0x1F,0x00,0x00,0xF0,0x03,0x3F,0x0C,0x00,0xF0,0x01,0x3E,0x0C,0x00,0xF0,0x00,0x3C,0x0C,0x00,0xF0,0x00,0x7C,0x0C,0x00,0xF0,0x00,0xFC,0x0F,0x00,0xF0,0x00,0xBC,0x0F,0x00,0xF0,0x00,0x3C,0x07,0x00,0xE0,0x01,0x1E,0x00,0x00,0xE0,0x03,0x1F, // 231
  0x00,0x00,0x00,0x00,0x00,0x00,0x00,0xFC,0x00,0x00,0x00,0x00,0xFF,0x03,0x00,0x00,0x80,0xFF,0x0F,0x00,0x10,0xC0,0xFF,0x0F,0x00,0x30,0xE0,0xFF,0x1F,0x00,0x70,0xE0,0xFF,0x1F,0x00,0xF0,0xF0,0x73,0x3F,0x00,0xF0,0xF1,0x71,0x3E,0x00,0xE0,0xF3,0x70,0x3C,0x00,0x80,0xF3,0x70,0x3C,0x00,0x00,0xF3,0x70,0x3C,0x00,0x00,0xF2,0x71,0x3C,0x00,0x00,0xF0,0x73,0x3C,0x00,0x00,0xE0,0x7F,0x3C,0x00,0x00,0xE0,0x7F,0x1E,0x00,0x00,0xC0,0x7F,0x1E,0x00,0x00,0x80,0x7F,0x1E,0x00,0x00,0x00,0x7F,0x0F,0x00,0x00,0x00,0x7C,  // 232
  0x00,0x00,0x00,0x00,0x00,0x00,0x00,0xFC,0x00,0x00,0x00,0x00,0xFF,0x03,0x00,0x00,0x80,0xFF,0x0F,0x00,0x00,0xC0,0xFF,0x0F,0x00,0x00,0xE0,0xFF,0x1F,0x00,0x00,0xE0,0xFF,0x1F,0x00,0x00,0xF0,0x73,0x3F,0x00,0x00,0xF0,0x71,0x3E,0x00,0x00,0xF2,0x70,0x3C,0x00,0x00,0xF3,0x70,0x3C,0x00,0x80,0xF3,0x70,0x3C,0x00,0xE0,0xF3,0x71,0x3C,0x00,0xF0,0xF1,0x73,0x3C,0x00,0xF0,0xE0,0x7F,0x3C,0x00,0x70,0xE0,0x7F,0x1E,0x00,0x30,0xC0,0x7F,0x1E,0x00,0x10,0x80,0x7F,0x1E,0x00,0x00,0x00,0x7F,0x0F,0x00,0x00,0x00,0x7C,  // 233
  0x00,0x00,0x00,0x00,0x00,0x00,0x00,0xFC,0x00,0x00,0x00,0x00,0xFF,0x03,0x00,0x00,0x80,0xFF,0x0F,0x00,0x00,0xC0,0xFF,0x0F,0x00,0x00,0xE2,0xFF,0x1F,0x00,0x00,0xE3,0xFF,0x1F,0x00,0xC0,0xF3,0x73,0x3F,0x00,0xE0,0xF1,0x71,0x3E,0x00,0xF0,0xF0,0x70,0x3C,0x00,0x70,0xF0,0x70,0x3C,0x00,0x70,0xF0,0x70,0x3C,0x00,0xF0,0xF0,0x71,0x3C,0x00,0xE0,0xF1,0x73,0x3C,0x00,0xC0,0xE3,0x7F,0x3C,0x00,0x00,0xE3,0x7F,0x1E,0x00,0x00,0xC2,0x7F,0x1E,0x00,0x00,0x80,0x7F,0x1E,0x00,0x00,0x00,0x7F,0x0F,0x00,0x00,0x00,0x7C,  // 234
  0x00,0x00,0x00,0x00,0x00,0x00,0x00,0xFC,0x00,0x00,0x00,0x00,0xFF,0x03,0x00,0x00,0x80,0xFF,0x0F,0x00,0x00,0xC0,0xFF,0x0F,0x00,0x00,0xE0,0xFF,0x1F,0x00,0xE0,0xE1,0xFF,0x1F,0x00,0xE0,0xF1,0x73,0x3F,0x00,0xE0,0xF1,0x71,0x3E,0x00,0xE0,0xF1,0x70,0x3C,0x00,0x00,0xF0,0x70,0x3C,0x00,0x00,0xF0,0x70,0x3C,0x00,0x00,0xF0,0x71,0x3C,0x00,0xE0,0xF1,0x73,0x3C,0x00,0xE0,0xE1,0x7F,0x3C,0x00,0xE0,0xE1,0x7F,0x1E,0x00,0xE0,0xC1,0x7F,0x1E,0x00,0x00,0x80,0x7F,0x1E,0x00,0x00,0x00,0x7F,0x0F,0x00,0x00,0x00,0x7C,  // 235
  0x30,0x00,0x00,0x00,0x00,0x70,0x00,0x00,0x00,0x00,0xF0,0x00,0x00,0x00,0x00,0xF0,0xF1,0xFF,0x3F,0x00,0xE0,0xF3,0xFF,0x3F,0x00,0x80,0xF3,0xFF,0x3F,0x00,0x00,0xF3,0xFF,0x3F,0x00,0x00,0xF2,0xFF,0x3F,0x00,0x00,0xF0,0xFF,0x3F,  // 236
  0x00,0x00,0x00,0x00,0x00,0x00,0x00,0x00,0x00,0x00,0x00,0x00,0x00,0x00,0x00,0x00,0xF0,0xFF,0x3F,0x00,0x00,0xF2,0xFF,0x3F,0x00,0x00,0xF3,0xFF,0x3F,0x00,0x80,0xF3,0xFF,0x3F,0x00,0xE0,0xF3,0xFF,0x3F,0x00,0xF0,0xF1,0xFF,0x3F,0x00,0xF0,0x00,0x00,0x00,0x00,0x70, // 237
  0x00,0x02,0x00,0x00,0x00,0x00,0x03,0x00,0x00,0x00,0xC0,0x03,0x00,0x00,0x00,0xE0,0xF1,0xFF,0x3F,0x00,0xF0,0xF0,0xFF,0x3F,0x00,0x70,0xF0,0xFF,0x3F,0x00,0x70,0xF0,0xFF,0x3F,0x00,0xF0,0xF0,0xFF,0x3F,0x00,0xE0,0xF1,0xFF,0x3F,0x00,0xC0,0x03,0x00,0x00,0x00,0x00,0x03,  // 238
  0x00,0x00,0x00,0x00,0x00,0xE0,0x01,0x00,0x00,0x00,0xE0,0x01,0x00,0x00,0x00,0xE0,0xF1,0xFF,0x3F,0x00,0xE0,0xF1,0xFF,0x3F,0x00,0x00,0xF0,0xFF,0x3F,0x00,0x00,0xF0,0xFF,0x3F,0x00,0xE0,0xF1,0xFF,0x3F,0x00,0xE0,0xF1,0xFF,0x3F,0x00,0xE0,0x01,0x00,0x00,0x00,0xE0,0x01,  // 239
  0x00,0x00,0x00,0x00,0x00,0x00,0x00,0xFC,0x01,0x00,0x00,0x18,0xFE,0x07,0x00,0x00,0x1C,0xFF,0x0F,0x00,0x00,0x8C,0xFF,0x0F,0x00,0x40,0x8C,0xFF,0x1F,0x00,0xC0,0xCD,0xFF,0x1F,0x00,0xC0,0xC7,0x07,0x3F,0x00,0xC0,0xC7,0x03,0x3E,0x00,0xC0,0xC7,0x03,0x3C,0x00,0xC0,0xDF,0x03,0x3C,0x00,0x80,0xFF,0x03,0x3C,0x00,0x00,0xFF,0x03,0x3E,0x00,0x80,0xFF,0x07,0x3F,0x00,0x80,0xF9,0xFF,0x1F,0x00,0x80,0xF1,0xFF,0x1F,0x00,0xC0,0xE1,0xFF,0x0F,0x00,0xC0,0x80,0xFF,0x0F,0x00,0x00,0x00,0xFF,0x07,0x00,0x00,0x00,0xFC,0x01, // 240
  0x00,0x00,0x00,0x00,0x00,0x00,0x00,0x00,0x00,0x00,0x00,0x00,0x00,0x00,0x00,0x00,0xF0,0xFF,0x3F,0x00,0x00,0xF0,0xFF,0x3F,0x00,0x00,0xF0,0xFF,0x3F,0x00,0x00,0xF0,0xFF,0x3F,0x00,0xE0,0xF0,0xFF,0x3F,0x00,0xF0,0xF0,0xFF,0x3F,0x00,0x30,0xC0,0x03,0x00,0x00,0x30,0xE0,0x01,0x00,0x00,0x70,0xE0,0x00,0x00,0x00,0x60,0xF0,0x00,0x00,0x00,0xC0,0xF0,0x00,0x00,0x00,0xC0,0xF0,0x01,0x00,0x00,0xC0,0xF0,0xFF,0x3F,0x00,0xF0,0xF0,0xFF,0x3F,0x00,0x30,0xF0,0xFF,0x3F,0x00,0x00,0xE0,0xFF,0x3F,0x00,0x00,0xC0,0xFF,0x3F,0x00,0x00,0x00,0xFF,0x3F,  // 241
  0x00,0x00,0x00,0x00,0x00,0x00,0x00,0xFC,0x00,0x00,0x00,0x00,0xFF,0x03,0x00,0x00,0xC0,0xFF,0x0F,0x00,0x10,0xC0,0xFF,0x0F,0x00,0x30,0xE0,0xFF,0x1F,0x00,0x70,0xE0,0xFF,0x1F,0x00,0xF0,0xF0,0x03,0x3F,0x00,0xF0,0xF1,0x01,0x3E,0x00,0xE0,0xF3,0x00,0x3C,0x00,0x80,0xF3,0x00,0x3C,0x00,0x00,0xF3,0x00,0x3C,0x00,0x00,0xF2,0x01,0x3E,0x00,0x00,0xF0,0x03,0x3F,0x00,0x00,0xE0,0xFF,0x1F,0x00,0x00,0xE0,0xFF,0x1F,0x00,0x00,0xC0,0xFF,0x0F,0x00,0x00,0xC0,0xFF,0x0F,0x00,0x00,0x00,0xFF,0x03,0x00,0x00,0x00,0xFC,  // 242
  0x00,0x00,0x00,0x00,0x00,0x00,0x00,0xFC,0x00,0x00,0x00,0x00,0xFF,0x03,0x00,0x00,0xC0,0xFF,0x0F,0x00,0x00,0xC0,0xFF,0x0F,0x00,0x00,0xE0,0xFF,0x1F,0x00,0x00,0xE0,0xFF,0x1F,0x00,0x00,0xF0,0x03,0x3F,0x00,0x00,0xF0,0x01,0x3E,0x00,0x00,0xF2,0x00,0x3C,0x00,0x00,0xF3,0x00,0x3C,0x00,0x80,0xF3,0x00,0x3C,0x00,0xE0,0xF3,0x01,0x3E,0x00,0xF0,0xF1,0x03,0x3F,0x00,0xF0,0xE0,0xFF,0x1F,0x00,0x70,0xE0,0xFF,0x1F,0x00,0x30,0xC0,0xFF,0x0F,0x00,0x10,0xC0,0xFF,0x0F,0x00,0x00,0x00,0xFF,0x03,0x00,0x00,0x00,0xFC,  // 243
  0x00,0x00,0x00,0x00,0x00,0x00,0x00,0xFC,0x00,0x00,0x00,0x00,0xFF,0x03,0x00,0x00,0xC0,0xFF,0x0F,0x00,0x00,0xC0,0xFF,0x0F,0x00,0x00,0xE2,0xFF,0x1F,0x00,0x80,0xE3,0xFF,0x1F,0x00,0xC0,0xF3,0x03,0x3F,0x00,0xF0,0xF1,0x01,0x3E,0x00,0xF0,0xF0,0x00,0x3C,0x00,0x30,0xF0,0x00,0x3C,0x00,0xF0,0xF0,0x00,0x3C,0x00,0xF0,0xF1,0x01,0x3E,0x00,0xC0,0xF3,0x03,0x3F,0x00,0x80,0xE3,0xFF,0x1F,0x00,0x00,0xE3,0xFF,0x1F,0x00,0x00,0xC0,0xFF,0x0F,0x00,0x00,0xC0,0xFF,0x0F,0x00,0x00,0x00,0xFF,0x03,0x00,0x00,0x00,0xFC,  // 244
  0x00,0x00,0x00,0x00,0x00,0x00,0x00,0xFC,0x00,0x00,0x00,0x00,0xFF,0x03,0x00,0x00,0xC0,0xFF,0x0F,0x00,0x00,0xC0,0xFF,0x0F,0x00,0xE0,0xE0,0xFF,0x1F,0x00,0xF0,0xE0,0xFF,0x1F,0x00,0x30,0xF0,0x03,0x3F,0x00,0x30,0xF0,0x01,0x3E,0x00,0x70,0xF0,0x00,0x3C,0x00,0x60,0xF0,0x00,0x3C,0x00,0xC0,0xF0,0x00,0x3C,0x00,0xC0,0xF0,0x01,0x3E,0x00,0xC0,0xF0,0x03,0x3F,0x00,0xF0,0xE0,0xFF,0x1F,0x00,0x30,0xE0,0xFF,0x1F,0x00,0x00,0xC0,0xFF,0x0F,0x00,0x00,0xC0,0xFF,0x0F,0x00,0x00,0x00,0xFF,0x03,0x00,0x00,0x00,0xFC,  // 245
  0x00,0x00,0x00,0x00,0x00,0x00,0x00,0xFC,0x00,0x00,0x00,0x00,0xFF,0x03,0x00,0x00,0xC0,0xFF,0x0F,0x00,0x00,0xC0,0xFF,0x0F,0x00,0xE0,0xE1,0xFF,0x1F,0x00,0xE0,0xE1,0xFF,0x1F,0x00,0xE0,0xF1,0x03,0x3F,0x00,0xE0,0xF1,0x01,0x3E,0x00,0x00,0xF0,0x00,0x3C,0x00,0x00,0xF0,0x00,0x3C,0x00,0x00,0xF0,0x00,0x3C,0x00,0xE0,0xF1,0x01,0x3E,0x00,0xE0,0xF1,0x03,0x3F,0x00,0xE0,0xE1,0xFF,0x1F,0x00,0xE0,0xE1,0xFF,0x1F,0x00,0x00,0xC0,0xFF,0x0F,0x00,0x00,0xC0,0xFF,0x0F,0x00,0x00,0x00,0xFF,0x03,0x00,0x00,0x00,0xFC,  // 246
  0x00,0x00,0x00,0x00,0x00,0x00,0x00,0x00,0x00,0x00,0x00,0x00,0x00,0x00,0x00,0x00,0x00,0x3C,0x00,0x00,0x00,0x00,0x3C,0x00,0x00,0x00,0x00,0x3C,0x00,0x00,0x00,0x00,0x3C,0x00,0x00,0x00,0x00,0x3C,0x00,0x00,0x00,0x00,0x3C,0x00,0x00,0x00,0x00,0x3C,0x00,0x00,0x00,0x00,0x3C,0x00,0x00,0x00,0xF8,0x3C,0x1F,0x00,0x00,0xF8,0x3C,0x1F,0x00,0x00,0xF8,0x3C,0x1F,0x00,0x00,0xF8,0x3C,0x1F,0x00,0x00,0xF8,0x3C,0x1F,0x00,0x00,0x00,0x3C,0x00,0x00,0x00,0x00,0x3C,0x00,0x00,0x00,0x00,0x3C,0x00,0x00,0x00,0x00,0x3C,0x00,0x00,0x00,0x00,0x3C,0x00,0x00,0x00,0x00,0x3C,0x00,0x00,0x00,0x00,0x3C,0x00,0x00,0x00,0x00,0x3C,  // 247
  0x00,0x00,0x00,0x00,0x00,0x00,0x00,0xFC,0x20,0x00,0x00,0x00,0xFF,0x73,0x00,0x00,0xC0,0xFF,0x3F,0x00,0x00,0xC0,0xFF,0x1F,0x00,0x00,0xE0,0xFF,0x1F,0x00,0x00,0xE0,0xFF,0x1F,0x00,0x00,0xF0,0x83,0x3F,0x00,0x00,0xF0,0xC1,0x3F,0x00,0x00,0xF0,0xF0,0x3C,0x00,0x00,0xF0,0x78,0x3C,0x00,0x00,0xF0,0x1C,0x3C,0x00,0x00,0xF0,0x0F,0x3E,0x00,0x00,0xF0,0x07,0x3F,0x00,0x00,0xE0,0xFF,0x1F,0x00,0x00,0xE0,0xFF,0x1F,0x00,0x00,0xE0,0xFF,0x0F,0x00,0x00,0xF0,0xFF,0x0F,0x00,0x00,0x38,0xFF,0x03,0x00,0x00,0x10,0xFC,  // 248
  0x00,0x00,0x00,0x00,0x00,0x00,0x00,0x00,0x00,0x00,0x00,0x00,0x00,0x00,0x00,0x00,0xF0,0xFF,0x03,0x00,0x00,0xF0,0xFF,0x0F,0x00,0x10,0xF0,0xFF,0x1F,0x00,0x30,0xF0,0xFF,0x3F,0x00,0x70,0xF0,0xFF,0x3F,0x00,0xF0,0xF0,0xFF,0x3F,0x00,0xF0,0x01,0x00,0x3E,0x00,0xE0,0x03,0x00,0x3C,0x00,0x80,0x03,0x00,0x3C,0x00,0x00,0x03,0x00,0x1C,0x00,0x00,0x02,0x00,0x1E,0x00,0x00,0x00,0x00,0x0F,0x00,0x00,0xF0,0xFF,0x3F,0x00,0x00,0xF0,0xFF,0x3F,0x00,0x00,0xF0,0xFF,0x3F,0x00,0x00,0xF0,0xFF,0x3F,0x00,0x00,0xF0,0xFF,0x3F,0x00,0x00,0xF0,0xFF,0x3F,  // 249
  0x00,0x00,0x00,0x00,0x00,0x00,0x00,0x00,0x00,0x00,0x00,0x00,0x00,0x00,0x00,0x00,0xF0,0xFF,0x03,0x00,0x00,0xF0,0xFF,0x0F,0x00,0x00,0xF0,0xFF,0x1F,0x00,0x00,0xF0,0xFF,0x3F,0x00,0x00,0xF0,0xFF,0x3F,0x00,0x00,0xF0,0xFF,0x3F,0x00,0x00,0x00,0x00,0x3E,0x00,0x00,0x02,0x00,0x3C,0x00,0x00,0x03,0x00,0x3C,0x00,0x80,0x03,0x00,0x1C,0x00,0xE0,0x03,0x00,0x1E,0x00,0xF0,0x01,0x00,0x0F,0x00,0xF0,0xF0,0xFF,0x3F,0x00,0x70,0xF0,0xFF,0x3F,0x00,0x30,0xF0,0xFF,0x3F,0x00,0x10,0xF0,0xFF,0x3F,0x00,0x00,0xF0,0xFF,0x3F,0x00,0x00,0xF0,0xFF,0x3F,  // 250
  0x00,0x00,0x00,0x00,0x00,0x00,0x00,0x00,0x00,0x00,0x00,0x00,0x00,0x00,0x00,0x00,0xF0,0xFF,0x03,0x00,0x00,0xF0,0xFF,0x0F,0x00,0x00,0xF0,0xFF,0x1F,0x00,0x00,0xF2,0xFF,0x3F,0x00,0x00,0xF3,0xFF,0x3F,0x00,0xC0,0xF3,0xFF,0x3F,0x00,0xE0,0x01,0x00,0x3E,0x00,0xF0,0x00,0x00,0x3C,0x00,0x70,0x00,0x00,0x3C,0x00,0x70,0x00,0x00,0x1C,0x00,0xF0,0x00,0x00,0x1E,0x00,0xE0,0x01,0x00,0x0F,0x00,0xC0,0xF3,0xFF,0x3F,0x00,0x00,0xF3,0xFF,0x3F,0x00,0x00,0xF2,0xFF,0x3F,0x00,0x00,0xF0,0xFF,0x3F,0x00,0x00,0xF0,0xFF,0x3F,0x00,0x00,0xF0,0xFF,0x3F,  // 251
  0x00,0x00,0x00,0x00,0x00,0x00,0x00,0x00,0x00,0x00,0x00,0x00,0x00,0x00,0x00,0x00,0xF0,0xFF,0x03,0x00,0x00,0xF0,0xFF,0x0F,0x00,0x00,0xF0,0xFF,0x1F,0x00,0xE0,0xF1,0xFF,0x3F,0x00,0xE0,0xF1,0xFF,0x3F,0x00,0xE0,0xF1,0xFF,0x3F,0x00,0xE0,0x01,0x00,0x3E,0x00,0x00,0x00,0x00,0x3C,0x00,0x00,0x00,0x00,0x3C,0x00,0x00,0x00,0x00,0x1C,0x00,0x00,0x00,0x00,0x1E,0x00,0xE0,0x01,0x00,0x0F,0x00,0xE0,0xF1,0xFF,0x3F,0x00,0xE0,0xF1,0xFF,0x3F,0x00,0xE0,0xF1,0xFF,0x3F,0x00,0x00,0xF0,0xFF,0x3F,0x00,0x00,0xF0,0xFF,0x3F,0x00,0x00,0xF0,0xFF,0x3F,  // 252
  0x00,0x10,0x00,0x00,0x00,0x00,0xF0,0x00,0x00,0x00,0x00,0xF0,0x03,0x00,0x00,0x00,0xF0,0x0F,0x00,0x1E,0x00,0xF0,0x7F,0x00,0x1E,0x00,0xF0,0xFF,0x01,0x1F,0x00,0xF0,0xFF,0x87,0x1F,0x00,0xC0,0xFF,0xFF,0x1F,0x00,0x02,0xFE,0xFF,0x1F,0x00,0x03,0xF8,0xFF,0x0F,0x80,0x03,0xF0,0xFF,0x07,0xE0,0x03,0xFE,0xFF,0x03,0xF0,0x81,0xFF,0xFF,0x00,0xF0,0xF0,0xFF,0x1F,0x00,0x70,0xF0,0xFF,0x03,0x00,0x30,0xF0,0xFF,0x00,0x00,0x10,0xF0,0x1F,0x00,0x00,0x00,0xF0,0x07,0x00,0x00,0x00,0xF0,0x00,0x00,0x00,0x00,0x10, // 253
  0x00,0x00,0x00,0x00,0x00,0x00,0x00,0x00,0x00,0x00,0x00,0x00,0x00,0x00,0x00,0xC0,0xFF,0xFF,0xFF,0x1F,0xC0,0xFF,0xFF,0xFF,0x1F,0xC0,0xFF,0xFF,0xFF,0x1F,0xC0,0xFF,0xFF,0xFF,0x1F,0xC0,0xFF,0xFF,0xFF,0x1F,0xC0,0xFF,0xFF,0xFF,0x1F,0x00,0xC0,0x03,0x0F,0x00,0x00,0xE0,0x01,0x1E,0x00,0x00,0xE0,0x00,0x1C,0x00,0x00,0xF0,0x00,0x3C,0x00,0x00,0xF0,0x00,0x3C,0x00,0x00,0xF0,0x01,0x3E,0x00,0x00,0xF0,0x03,0x3F,0x00,0x00,0xF0,0xFF,0x3F,0x00,0x00,0xE0,0xFF,0x1F,0x00,0x00,0xE0,0xFF,0x1F,0x00,0x00,0xC0,0xFF,0x0F,0x00,0x00,0x80,0xFF,0x07,0x00,0x00,0x00,0xFE,0x01, // 254
  0x00,0x10,0x00,0x00,0x00,0x00,0xF0,0x00,0x00,0x00,0x00,0xF0,0x03,0x00,0x00,0x00,0xF0,0x0F,0x00,0x1E,0x00,0xF0,0x7F,0x00,0x1E,0xE0,0xF1,0xFF,0x01,0x1F,0xE0,0xF1,0xFF,0x87,0x1F,0xE0,0xC1,0xFF,0xFF,0x1F,0xE0,0x01,0xFE,0xFF,0x1F,0x00,0x00,0xF8,0xFF,0x0F,0x00,0x00,0xF0,0xFF,0x07,0x00,0x00,0xFE,0xFF,0x03,0xE0,0x81,0xFF,0xFF,0x00,0xE0,0xF1,0xFF,0x1F,0x00,0xE0,0xF1,0xFF,0x03,0x00,0xE0,0xF1,0xFF,0x00,0x00,0x00,0xF0,0x1F,0x00,0x00,0x00,0xF0,0x07,0x00,0x00,0x00,0xF0,0x00,0x00,0x00,0x00,0x10  // 255
};
